t,L_Cmd,R_Cmd,L_tau,R_tau,L_IMU_angle,R_IMU_angle,L_IMU_vel,R_IMU_vel,L_encoder,R_encoder,L_encoder_vel,R_encoder_vel
1.0251998901367188e-05,0.0,0.0,-0.03761763037465554,-0.008553869782882119,0.0,0.0,-0.03761763037465554,-0.008553869782882119,-0.00016781150780158986,-4.2324432473163296e-05,0.021771613508462906,-0.03045603819191456
0.018113374710083008,-0.01464392558050065,0.0,-0.06786720752237306,-0.04619401009982428,-0.01464392558050065,0.0,-0.06786720752237306,-0.04619401009982428,-0.0005953456311134978,-0.0002759553385399618,0.02982458844780922,-0.022043626755475998
0.03808093070983887,0.0,0.014650755769679336,-0.03230968293032302,-0.05014104568708507,0.0,0.014650755769679336,-0.03230968293032302,-0.05014104568708507,-0.0009268536529429177,-0.0006475586606470924,0.029297253116965294,-0.025586038827896118
0.05110907554626465,-0.01464392558050065,0.0,-0.029260196899004057,-0.08060395618960639,-0.01464392558050065,0.0,-0.029260196899004057,-0.08060395618960639,-0.0010441805822287706,-0.0010997622669059643,0.030436620116233826,-0.02796062082052231
0.06409287452697754,-0.01464392558050065,0.0,-0.04323483731202287,-0.054375963075691314,-0.01464392558050065,0.0,-0.04323483731202287,-0.054375963075691314,-0.0011829593479485187,-0.0014892363639909107,0.04003463685512543,-0.027627719566226006
0.07709646224975586,0.01465758595884381,0.0,0.004732854604237706,-0.051377556720802,0.01465758595884381,0.0,0.004732854604237706,-0.051377556720802,-0.0011562111519710973,-0.0016916938346840601,0.04258900135755539,-0.02621818333864212
0.09010529518127441,0.0,0.0,-0.0013610691256791805,-0.0668304194909195,0.0,0.0,-0.0013610691256791805,-0.0668304194909195,-0.0009539080021279509,-0.0019102190850367534,0.04027946665883064,-0.03172481805086136
0.10313892364501953,0.0,0.0,0.007471158067409482,-0.038888472447101044,0.0,0.0,0.007471158067409482,-0.038888472447101044,-0.0007647973251506715,-0.002038397612136794,0.04789673909544945,-0.03509911149740219
0.11618757247924805,0.0,0.0,0.018359131607331065,-0.06274266466447927,0.0,0.0,0.018359131607331065,-0.06274266466447927,-0.0005202875672220926,-0.002118368220555696,0.05473709478974342,-0.03116437792778015
0.13011860847473145,0.0,0.0,0.025106478053230966,-0.10472514943958328,0.0,0.0,0.025106478053230966,-0.10472514943958328,-0.0002359646925502656,-0.002442055419121123,0.05225652828812599,-0.035992465913295746
0.14313983917236328,0.0,0.0,0.03349633491712018,-0.10023935600111128,0.0,0.0,0.03349633491712018,-0.10023935600111128,7.087141781828589e-05,-0.0028589821483681914,0.04011131823062897,-0.03373165801167488
0.15612506866455078,0.0,0.0,0.032613619678281976,-0.0965458244857211,0.0,0.0,0.032613619678281976,-0.0965458244857211,0.00036372207259871396,-0.003167242078175357,0.04499472305178642,-0.030121076852083206
0.16913270950317383,0.0,0.0,0.04671443182796091,-0.11012828264031292,0.0,0.0,0.04671443182796091,-0.11012828264031292,0.0006655088942651894,-0.003453506381682392,0.04725642874836922,-0.02521059289574623
0.18213891983032227,0.0,0.0,0.04837843999955857,-0.1041011276155593,0.0,0.0,0.04837843999955857,-0.1041011276155593,0.0009837258903893052,-0.0037090734284378605,0.047520384192466736,-0.024956900626420975
0.19517731666564941,0.0,0.0,0.01931998047501451,-0.08770468488377511,0.0,0.0,0.01931998047501451,-0.08770468488377511,0.0011383316502611945,-0.003815383551939307,0.042440906167030334,-0.022751616314053535
0.2081465721130371,0.0,0.014650755769679336,0.026870341055853703,-0.07454013558881023,0.0,0.014650755769679336,0.026870341055853703,-0.07454013558881023,0.0011764155742779215,-0.0037651285812535713,0.04212358593940735,-0.02630981057882309
0.22115516662597656,-0.01464392558050065,0.0,0.009010153433370747,-0.10473195961843344,-0.01464392558050065,0.0,0.009010153433370747,-0.10473195961843344,0.0011602198761369719,-0.0037712239515492706,0.044765252619981766,-0.02669484168291092
0.23415255546569824,0.0,0.0,0.024707092079663727,-0.06649715428419048,0.0,0.0,0.024707092079663727,-0.06649715428419048,0.0011308842141574435,-0.0037223135705094553,0.049837321043014526,-0.02753906138241291
0.24717283248901367,-0.01464392558050065,0.0,0.038424609887975275,-0.03033188959835476,-0.01464392558050065,0.0,0.038424609887975275,-0.03033188959835476,0.0012198510271290179,-0.00335575715255819,0.049104802310466766,-0.03151809796690941
0.2601664066314697,0.0,0.0,0.028709846402502348,-0.029774085257714876,0.0,0.0,0.028709846402502348,-0.029774085257714876,0.0013056903019220377,-0.002874466954474213,0.046529609709978104,-0.0312863253057003
0.27316999435424805,0.0,0.0,0.06080875396390701,-0.034766856824448335,0.0,0.0,0.06080875396390701,-0.034766856824448335,0.0014633620423527536,-0.0024658841560282283,0.04986933618783951,-0.037037111818790436
0.2861759662628174,0.0,0.0,0.07653887972564472,-0.044310802214658135,0.0,0.0,0.07653887972564472,-0.044310802214658135,0.0017853621976036261,-0.002162484832363053,0.045232586562633514,-0.031628113240003586
0.29920148849487305,0.0,0.0,0.0499807263396282,-0.04878297529542977,0.0,0.0,0.0499807263396282,-0.04878297529542977,0.002006261244199341,-0.0019485618746102834,0.058185115456581116,-0.026138421148061752
0.31218791007995605,0.0,0.0,0.04676228984289728,-0.05344816458626706,0.0,0.0,0.04676228984289728,-0.05344816458626706,0.002062289399580438,-0.0017926920108088395,0.05175958573818207,-0.026338212192058563
0.3251936435699463,0.0,0.0,0.03802686142558112,-0.07040969208005741,0.0,0.0,0.03802686142558112,-0.07040969208005741,0.0020499844893957725,-0.0017383081965017305,0.047951553016901016,-0.020125538110733032
0.3381950855255127,0.0,0.0,0.036199245543967196,-0.07941372235555895,0.0,0.0,0.036199245543967196,-0.07941372235555895,0.001984925903439612,-0.0017883160083277106,0.039402689784765244,-0.01604379527270794
0.3512251377105713,0.0,0.0,0.048050874398928946,-0.09321006414875002,0.0,0.0,0.048050874398928946,-0.09321006414875002,0.0019593583004288866,-0.0019142306729915675,0.03293471038341522,-0.017561672255396843
0.3662071228027344,0.0,0.0,0.042735142940180985,-0.0686446684788843,0.0,0.0,0.042735142940180985,-0.0686446684788843,0.0019535227833787075,-0.0019673096019201903,0.032287806272506714,-0.01699995808303356
0.38021087646484375,0.0,0.0,0.028169157555427163,-0.10535275978096414,0.0,0.0,0.028169157555427163,-0.10535275978096414,0.0018565702337897466,-0.002051618679895581,0.033795975148677826,-0.021462615579366684
0.39423203468322754,0.0,0.0,0.022279520118679546,-0.08420389276902623,0.0,0.0,0.022279520118679546,-0.08420389276902623,0.0016798836783438905,-0.0021759058529301593,0.03241393715143204,-0.020689113065600395
0.40724635124206543,0.0,0.0,0.02160573929933498,-0.09228815536346358,0.0,0.0,0.02160573929933498,-0.09228815536346358,0.0014928529036809556,-0.002216551620139988,0.03444897383451462,-0.018779583275318146
0.42023587226867676,0.0,0.0,-0.013490272278643136,-0.08626286796856113,0.0,0.0,-0.013490272278643136,-0.08626286796856113,0.001178698388166983,-0.002247502703921859,0.03040139377117157,-0.018130453303456306
0.4342350959777832,0.0,0.0,-0.01881002581167773,-0.05881392517965338,0.0,0.0,-0.01881002581167773,-0.05881392517965338,0.000738725654136926,-0.0021248362140272635,0.03225882351398468,-0.02285442128777504
0.44724249839782715,0.0,0.0,-0.02757333027204933,-0.08487579928841302,0.0,0.0,-0.02757333027204933,-0.08487579928841302,0.00030130069860679227,-0.002002706518894137,0.030428580939769745,-0.02346372790634632
0.46024250984191895,0.0,0.0,-0.04511908239876708,-0.10437085338670869,0.0,0.0,-0.04511908239876708,-0.10437085338670869,-0.0001815514803017021,-0.0020735241894576815,0.03034253790974617,-0.028963327407836914
0.4732480049133301,0.0,0.0,-0.03906378285916691,-0.10986093809722379,0.0,0.0,-0.03906378285916691,-0.10986093809722379,-0.0006399242884123056,-0.0022247326585517722,0.027290502563118935,-0.03237258642911911
0.48726534843444824,0.0,0.0,-0.031902983184856445,-0.1124255140480049,0.0,0.0,-0.031902983184856445,-0.1124255140480049,-0.000973840345528211,-0.0023746507323046404,0.02537962608039379,-0.025016386061906815
0.5019171237945557,0.0,0.0,-0.04298918729068712,-0.1219816290477271,0.0,0.0,-0.04298918729068712,-0.1219816290477271,-0.0012697327124283069,-0.0025392121492432106,0.03022405132651329,-0.022337548434734344
0.5272870063781738,0.0,0.0,-0.04596729651115812,-0.12287303543547988,0.0,0.0,-0.04596729651115812,-0.12287303543547988,-0.0015729982978141385,-0.0027084526546396264,0.03460897505283356,-0.01806345395743847
0.5412731170654297,0.0,0.0,-0.058968911776874494,-0.10673140411646212,0.0,0.0,-0.058968911776874494,-0.10673140411646212,-0.0018886963348067986,-0.0027757330031740824,0.033305875957012177,-0.018129630014300346
0.5562825202941895,0.0,0.0,-0.07371446310171222,-0.10171072148861351,0.0,0.0,-0.07371446310171222,-0.10171072148861351,-0.002261352842020937,-0.0027314555921620414,0.03557003661990166,-0.020861202850937843
0.5693662166595459,0.0,0.0,-0.07479604756916754,-0.0601793560339543,0.0,0.0,-0.07479604756916754,-0.0601793560339543,-0.002631890895496751,-0.00248832971861864,0.035075023770332336,-0.01487919595092535
0.5822935104370117,0.0,0.0,-0.06873372107225231,-0.074823841903417,0.0,0.0,-0.06873372107225231,-0.074823841903417,-0.0029135409228347024,-0.002157033764351334,0.030907955020666122,-0.016249075531959534
0.5953021049499512,0.0,0.0,-0.055135708229042846,-0.08195465277840286,0.0,0.0,-0.055135708229042846,-0.08195465277840286,-0.0030577048191321454,-0.0019511916968925577,0.02830936759710312,-0.022563083097338676
0.6083178520202637,0.0,0.0,-0.052520062606992,-0.07562994429771733,0.0,0.0,-0.052520062606992,-0.07562994429771733,-0.003097718365619876,-0.0017679700896671197,0.03175502270460129,-0.02118416130542755
0.621309757232666,0.0,0.0,-0.04646705758406612,-0.08190257925608813,0.0,0.0,-0.04646705758406612,-0.08190257925608813,-0.003079408075347861,-0.0016015769856272696,0.03488874435424805,-0.01613890752196312
0.6343135833740234,0.0,0.014650755769679336,-0.039622367602280315,-0.0468116486318212,0.0,0.014650755769679336,-0.039622367602280315,-0.0468116486318212,-0.0029941153029653766,-0.0013328291053076378,0.03236447647213936,-0.016463804990053177
0.6473190784454346,-0.01464392558050065,0.0,-0.06927274572772797,-0.051807391731050007,-0.01464392558050065,0.0,-0.06927274572772797,-0.051807391731050007,-0.002998038493924367,-0.0009728974663838737,0.03218870982527733,-0.01999044604599476
0.6604087352752686,0.0,0.0,-0.04471472052566778,-0.07273733250379048,0.0,0.0,-0.04471472052566778,-0.07273733250379048,-0.0030057111289808346,-0.0007661153481886801,0.03143448755145073,-0.024064093828201294
0.6733276844024658,0.0,0.0,-0.06875419162944252,-0.0727581565766311,0.0,0.0,-0.06875419162944252,-0.0727581565766311,-0.0029936020386054996,-0.000670965615118332,0.02846577577292919,-0.02189682610332966
0.6865119934082031,0.0,0.0,-0.05866358097663377,-0.050594209395206244,0.0,0.0,-0.05866358097663377,-0.050594209395206244,-0.0030238201711582356,-0.0004954917160200102,0.023926332592964172,-0.02409878931939602
0.700340986251831,0.0,0.0,-0.05042971789606397,-0.08153077417335877,0.0,0.0,-0.05042971789606397,-0.08153077417335877,-0.002958098034712685,-0.0003787345161080549,0.02952922135591507,-0.01948123425245285
0.7143480777740479,0.0,0.014650755769679336,-0.026278560859662303,-0.0813998066300451,0.0,0.014650755769679336,-0.026278560859662303,-0.0813998066300451,-0.0027533067794441152,-0.00040285772451798083,0.023039450868964195,-0.020201925188302994
0.7273480892181396,0.0,0.0,-0.01921842143175024,-0.08846845878151989,0.0,0.0,-0.01921842143175024,-0.08846845878151989,-0.002435653263695632,-0.00044963255607518833,0.029258234426379204,-0.017674645408988
0.7403554916381836,0.0,0.0,-0.016245263097911498,-0.09071929959773,0.0,0.0,-0.016245263097911498,-0.09071929959773,-0.002109935628688078,-0.0005252258901825463,0.031695567071437836,-0.020971519872546196
0.7533581256866455,0.0,0.0,-0.015504792885140093,-0.0793068805878585,0.0,0.0,-0.015504792885140093,-0.0793068805878585,-0.0018049649224380565,-0.0005494398392104633,0.028703143820166588,-0.019343648105859756
0.7663619518280029,0.0,0.0,-0.013296229705922648,-0.06933012198479872,0.0,0.0,-0.013296229705922648,-0.06933012198479872,-0.0015225110912864834,-0.00047964822884225927,0.0306441318243742,-0.01818889006972313
0.7793686389923096,0.0,0.0,-0.0017340063547853861,-0.06834606781621441,0.0,0.0,-0.0017340063547853861,-0.06834606781621441,-0.0012165926261247636,-0.00037259794144754195,0.03051776997745037,-0.023320723325014114
0.79237961769104,0.0,0.014650755769679336,-0.007187886977259112,-0.07509604228411919,0.0,0.014650755769679336,-0.007187886977259112,-0.07509604228411919,-0.0009236408946569258,-0.00030269419801381156,0.027210067957639694,-0.0245148204267025
0.8054468631744385,-0.01464392558050065,0.0,-0.009967312064571467,-0.07907312670166407,-0.01464392558050065,0.0,-0.009967312064571467,-0.07907312670166407,-0.0007020130504059794,-0.00028517184534118683,0.02833995595574379,-0.022349368780851364
0.8284130096435547,0.0,0.014650755769679336,0.017345133662641808,-0.09215081786833608,0.0,0.014650755769679336,0.017345133662641808,-0.09215081786833608,-0.00040857200281471776,-0.00033835462135869043,0.03279026970267296,-0.019896116107702255
0.8443946838378906,0.0,0.0,0.02748025226934138,-0.101305299068563,0.0,0.0,0.02748025226934138,-0.101305299068563,-2.610198062770032e-06,-0.000472813540077177,0.030553549528121948,-0.02474358305335045
0.8574061393737793,0.0,0.0,0.04229093051513223,-0.11984452688945357,0.0,0.0,0.04229093051513223,-0.11984452688945357,0.0004461115946152305,-0.0006982829905671367,0.029619120061397552,-0.023611178621649742
0.8704090118408203,0.0,0.0,0.04023201201150354,-0.10773687599737544,0.0,0.0,0.04023201201150354,-0.10773687599737544,0.0008790331341773627,-0.0009133157434189306,0.028761161491274834,-0.023357005789875984
0.8834095001220703,0.0,0.0,0.01811328815290358,-0.11876881211581623,0.0,0.0,0.01811328815290358,-0.11876881211581623,0.0011451100607531735,-0.0010875521868813926,0.03240690007805824,-0.018488505855202675
0.8974108695983887,0.0,0.0,0.011029396475348532,-0.12720967194990906,0.0,0.0,0.011029396475348532,-0.12720967194990906,0.0012466833541492854,-0.001309990400470847,0.03602385148406029,-0.021204553544521332
0.9114303588867188,0.0,0.0,0.016202512717112764,-0.13726552467716613,0.0,0.0,0.016202512717112764,-0.13726552467716613,0.0013187680110011346,-0.001568392360349519,0.029965853318572044,-0.02040991000831127
0.9304327964782715,0.0,0.014650755769679336,-0.029022907856305617,-0.06866945459505204,0.0,0.014650755769679336,-0.029022907856305617,-0.06866945459505204,0.0012093506463401382,-0.00154115247720703,0.023412080481648445,-0.02100393734872341
0.9434270858764648,0.0,0.0,-0.02422278897882751,-0.06667777410111897,0.0,0.0,-0.02422278897882751,-0.06667777410111897,0.0009439917344768896,-0.0012208245552704966,0.0290850680321455,-0.024212652817368507
0.956434965133667,0.0,0.014650755769679336,-0.03727424995125043,-0.053848174214802466,0.0,0.014650755769679336,-0.03727424995125043,-0.053848174214802466,0.0006784334756614271,-0.0008799020421492145,0.03203190118074417,-0.021029936149716377
0.9694452285766602,0.0,0.014650755769679336,-0.03369929625614335,-0.07556102208610235,0.0,0.014650755769679336,-0.03369929625614335,-0.07556102208610235,0.000409161157638914,-0.0006201865815237398,0.02947067841887474,-0.015522385947406292
0.9824507236480713,0.0,0.014650755769679336,-0.02606840414313214,-0.014409851529195564,0.0,0.014650755769679336,-0.02606840414313214,-0.014409851529195564,0.0002227486889185703,-0.00023373426366335106,0.029936928302049637,-0.021443495526909828
0.9954590797424316,0.0,0.043945437119866426,-0.03281986270975794,0.24293360707807476,0.0,0.043945437119866426,-0.03281986270975794,0.24293360707807476,6.593193113038765e-05,0.001399651437111855,0.03811059519648552,-0.02372625097632408
1.0084846019744873,0.0,0.058596192889538656,-0.014200666980704007,0.34593243287504394,0.0,0.058596192889538656,-0.014200666980704007,0.34593243287504394,-1.9811366636692652e-05,0.0042601996494737605,0.029527366161346436,-0.02474815584719181
1.033477783203125,0.0,0.058596192889538656,-0.02866050095379165,0.34725394107730917,0.0,0.058596192889538656,-0.02866050095379165,0.34725394107730917,-7.588862329341925e-05,0.007106529863776678,0.025465410202741623,-0.025908757001161575
1.0554959774017334,0.0,0.08789087423972575,0.0012250180231439245,0.42183963349427483,0.0,0.08789087423972575,0.0012250180231439245,0.42183963349427483,-6.0248143607641136e-05,0.009808839329621006,0.021436316892504692,-0.018061917275190353
1.079481601715088,-0.01464392558050065,0.23437794136899015,0.006999483145915186,1.4806449931807792,-0.01464392558050065,0.23437794136899015,0.006999483145915186,1.4806449931807792,9.935212439602434e-05,0.016696294489211897,0.018346957862377167,-0.016777530312538147
1.0955889225006104,-0.01464392558050065,0.42480703052353164,0.04062886000950516,2.832211150435953,-0.01464392558050065,0.42480703052353164,0.04062886000950516,2.832211150435953,0.00039644864589893664,0.032341005816688355,0.021816179156303406,-0.005114125553518534
1.1095035076141357,0.0,0.585941438327886,0.0596774772021972,4.146590342754993,0.0,0.585941438327886,0.0596774772021972,4.146590342754993,0.0008636788420792217,0.05642440163152473,0.021567165851593018,-0.004142343997955322
1.122502088546753,0.0,0.7470724310376582,0.07186396875442139,5.211104780092276,0.0,0.7470724310376582,0.07186396875442139,5.211104780092276,0.001385960904991548,0.08640931231837022,0.02403010055422783,-0.0006287252181209624
1.1355087757110596,0.0,0.8642614017221533,0.06280883212206376,5.913020696092861,0.0,0.8642614017221533,0.06280883212206376,5.913020696092861,0.0018373843304317062,0.11876560017407738,0.026555564254522324,0.001254858449101448
1.1485135555267334,0.0,0.9521522759618719,0.055340150331733735,6.159304510958827,0.0,0.9521522759618719,0.055340150331733735,6.159304510958827,0.0021453070209804257,0.14962401447261398,0.020899595692753792,0.024071218445897102
1.1615171432495117,0.0,1.0253958095265077,0.05001407353763159,6.117883255624108,0.0,1.0253958095265077,0.05001407353763159,6.117883255624108,0.0023441102366402703,0.1759945766471978,0.018814755603671074,0.05417756363749504
1.1745328903198242,0.0,1.083988587321464,0.03357634618097652,5.928426614652648,0.0,1.083988587321464,0.03357634618097652,5.928426614652648,0.002411949873842636,0.19660586273967626,0.018141716718673706,0.06895744055509567
1.1875238418579102,0.0,1.1425813651164134,0.038538758757468455,5.789644427793982,0.0,1.1425813651164134,0.038538758757468455,5.789644427793982,0.0024096927627358265,0.2117868119967158,0.015137473121285439,0.10357031971216202
1.2015316486358643,0.0,1.2158248986810491,0.025468651502013537,5.536238860057808,0.0,1.2158248986810491,0.025468651502013537,5.536238860057808,0.0023613891109769878,0.2219847329400992,0.015659531578421593,0.12674568593502045
1.2155389785766602,0.0,1.2890684322456778,0.016462460111969928,5.514473608493916,0.0,1.2890684322456778,0.016462460111969928,5.514473608493916,0.002216906547991999,0.22834891834172494,0.016198933124542236,0.15504327416419983
1.228538990020752,0.0,1.3623085507157242,0.026939191563822615,5.527805710866958,0.0,1.3623085507157242,0.026939191563822615,5.527805710866958,0.0020873098099006113,0.23249417282788212,0.009145259857177734,0.17647606134414673
1.2415506839752197,0.0,1.4062505727410013,0.007454401092075142,5.44633308001293,0.0,1.4062505727410013,0.007454401092075142,5.44633308001293,0.0019282922240650713,0.2344773676674759,0.005195346660912037,0.18704825639724731
1.2545559406280518,0.0,1.494141446980727,-0.010073496826770703,5.46070422491346,0.0,1.494141446980727,-0.010073496826770703,5.46070422491346,0.0016305578463818588,0.23460726323364572,0.004951392766088247,0.19665652513504028
1.2685530185699463,0.0,1.5820323212204528,0.0076916476128439356,5.53833828945394,0.0,1.5820323212204528,0.0076916476128439356,5.53833828945394,0.001368270896343423,0.23380396843428045,0.01514804270118475,0.21272560954093933
1.2815628051757812,0.0,1.640625099015402,0.0313944309114347,5.552982641921271,0.0,1.640625099015402,0.0313944309114347,5.552982641921271,0.0013062374748925739,0.23220921694238703,0.013502217829227448,0.2307949811220169
1.2945692539215088,0.02930151153935867,1.6845705361352685,0.18043592208921683,5.336806300916721,0.02930151153935867,1.6845705361352685,0.18043592208921683,5.336806300916721,0.001952251561428851,0.22874616432279754,0.013698581606149673,0.23538020253181458
1.3075766563415527,0.02930151153935867,1.7285159732551278,0.21916506903474609,5.10847649205778,0.02930151153935867,1.7285159732551278,0.21916506903474609,5.10847649205778,0.003260911304390453,0.22271308787702138,0.012882641516625881,0.232953742146492
1.3215763568878174,0.02930151153935867,1.7578140696998972,0.2606753436123002,4.8175492801161415,0.02930151153935867,1.7578140696998972,0.2606753436123002,4.8175492801161415,0.004688738398554976,0.21421248241190777,0.013904716819524765,0.24108949303627014
1.335585355758667,0.04395226730903801,1.7578140696998972,0.2424735031240245,4.04384636839143,0.04395226730903801,1.7578140696998972,0.2424735031240245,4.04384636839143,0.005977702110895659,0.2014216148742876,0.018638834357261658,0.234796404838562
1.348586082458496,0.04395226730903801,1.7138686325800379,0.27806404474380064,3.253768718461848,0.04395226730903801,1.7138686325800379,0.27806404474380064,3.253768718461848,0.0071167608146321636,0.18299620102318825,0.022622358053922653,0.2335718423128128
1.3615918159484863,0.02930151153935867,1.6992212919049479,0.2407801231379638,2.6777274258924857,0.02930151153935867,1.6992212919049479,0.2407801231379638,2.6777274258924857,0.008043544186964706,0.1606676165426748,0.020008143037557602,0.2262295037508011
1.374598503112793,0.04395226730903801,1.6992212919049479,0.23161667731445124,2.265980357392257,0.04395226730903801,1.6992212919049479,0.23161667731445124,2.265980357392257,0.00860096898354492,0.13667481416680452,0.018302757292985916,0.21937039494514465
1.3886089324951172,0.07324694865921799,1.6992212919049479,0.3374796202099036,1.9278313519632655,0.07324694865921799,1.6992212919049479,0.3374796202099036,1.9278313519632655,0.009425029173882134,0.1123652210810527,0.017607271671295166,0.20474454760551453
1.4016008377075195,0.20508326001881017,1.6845705361352685,1.1473844822068129,1.622512397831881,0.20508326001881017,1.6845705361352685,1.1473844822068129,1.622512397831881,0.0138206964993512,0.08835384118118508,0.013313746079802513,0.1852777898311615
1.4146103858947754,0.5127013198578396,1.6845705361352685,3.408953818055711,1.3473762630861945,0.5127013198578396,1.6845705361352685,3.408953818055711,1.3473762630861945,0.03005527882633871,0.0649864919346323,0.008877268992364407,0.1767718642950058
1.4286208152770996,1.0546904908766948,1.625977758340312,7.559860840366152,0.8424154685486858,1.0546904908766948,1.625977758340312,7.559860840366152,0.8424154685486858,0.06996997989000453,0.041480907545972404,0.004951224196702242,0.16430805623531342
1.4416224956512451,1.7285228034442923,1.508788787655817,12.755324487259099,-0.22233055489014286,1.7285228034442923,1.508788787655817,12.755324487259099,-0.22233055489014286,0.14188367395434362,0.014758042180073835,-0.0039657242596149445,0.14581014215946198
1.4566256999969482,2.6660140783527453,1.3183631135958649,19.725921002266155,-1.8989074218189657,2.6660140783527453,1.3183631135958649,19.725921002266155,-1.8989074218189657,0.25225867298335025,-0.01935591703767359,-0.1232336014509201,0.12422683089971542
1.4696321487426758,3.5595804067088324,1.1279340244413234,25.79984089152383,-3.4344003281388282,3.5595804067088324,1.1279340244413234,25.79984089152383,-3.4344003281388282,0.3984668256971019,-0.06152031592711561,-0.07291363924741745,0.09750182926654816
1.4826292991638184,4.541023948926295,0.966799616636969,31.975684278671018,-4.757458129572015,4.541023948926295,0.966799616636969,31.975684278671018,-4.757458129572015,0.5712260034351393,-0.1088834330071061,-0.018792517483234406,0.0738893449306488
1.4956393241882324,5.6396530467336845,0.8203159646022868,38.2414983326602,-5.770125454693377,5.6396530467336845,0.8203159646022868,38.2414983326602,-5.770125454693377,0.7664957011622183,-0.15828756666862953,0.05066484212875366,0.07418383657932281
1.5086495876312256,6.7968783374305985,0.6884796532427018,44.5755254858903,-6.386315666421132,6.7968783374305985,0.6884796532427018,44.5755254858903,-6.386315666421132,0.9805638527942246,-0.20627231517838804,0.15150634944438934,0.036868784576654434
1.5226516723632812,8.144536132376643,0.5419960012080267,51.45481688584628,-6.8270617971465315,8.144536132376643,0.5419960012080267,51.45481688584628,-6.8270617971465315,1.2120193401617108,-0.2504430677773,0.28204745054244995,-0.017545565962791443
1.5366556644439697,9.65332492003246,0.42480703052353164,58.61111685287587,-7.16144523390873,9.65332492003246,0.42480703052353164,58.61111685287587,-7.16144523390873,1.4604155764490394,-0.28996254011886224,0.4403839409351349,-0.06468852609395981
1.5496635437011719,11.162113707688277,0.30761805983903656,65.52770108570012,-7.358869717433833,11.162113707688277,0.30761805983903656,65.52770108570012,-7.358869717433833,1.7220679894278879,-0.32429825118814204,0.6081361770629883,-0.10485164076089859
1.562671184539795,12.670902495344095,0.20507984492422082,72.25291707835893,-7.453797394065963,12.670902495344095,0.20507984492422082,72.25291707835893,-7.453797394065963,1.991839897794928,-0.35303859277268557,0.7600512504577637,-0.15554562211036682
1.5756702423095703,14.340829105898848,0.13183631135959217,78.89871163134885,-7.238566180487814,14.340829105898848,0.13183631135959217,78.89871163134885,-7.238566180487814,2.2659532802486235,-0.3751533551807298,0.9596070647239685,-0.19716882705688477
1.5896809101104736,16.201174560324404,0.11718897068449508,85.9849372725887,-6.605999309564484,16.201174560324404,0.11718897068449508,85.9849372725887,-6.605999309564484,2.543741528742496,-0.38851184420350576,1.2282240390777588,-0.24523334205150604
1.6026878356933594,17.871101170879157,0.10254163000940508,91.68269473859168,-6.054887140248611,17.871101170879157,0.10254163000940508,91.68269473859168,-6.054887140248611,2.8192665116437503,-0.39294530109490367,1.4992815256118774,-0.2953164875507355
1.6156916618347168,19.497075514124873,0.10254163000940508,96.17529264630258,-5.132448748497232,19.497075514124873,0.10254163000940508,96.17529264630258,-5.132448748497232,3.0807436535048454,-0.3885498944677569,1.7357347011566162,-0.3137608766555786
1.6286959648132324,21.02051505755037,0.10254163000940508,99.16858206892566,-4.485607209095399,21.02051505755037,0.10254163000940508,99.16858206892566,-4.485607209095399,3.317731603264609,-0.3762501539389468,2.019413709640503,-0.34116309881210327
1.6467034816741943,22.939456704865464,0.11718897068449508,100.91519804348131,-3.6173800287864117,22.939456704865464,0.11718897068449508,100.91519804348131,-3.6173800287864117,3.5212740860121214,-0.35748814754342745,2.4201653003692627,-0.3646525740623474
1.6596977710723877,24.22851830692197,0.11718897068449508,100.79778026145962,-3.1007067404828006,24.22851830692197,0.11718897068449508,100.79778026145962,-3.1007067404828006,3.6824098877981104,-0.3338376352540826,2.6493771076202393,-0.3766821324825287
1.672715425491333,25.429689034738743,0.10254163000940508,99.85465408048593,-2.700852952318268,25.429689034738743,0.10254163000940508,99.85465408048593,-2.700852952318268,3.795439417849352,-0.3080516233982361,2.887486219406128,-0.38302478194236755
1.6857116222381592,26.513681037154782,0.10254163000940508,98.1078946719577,-2.3755521730483053,26.513681037154782,0.10254163000940508,98.1078946719577,-2.3755521730483053,3.8600999847704185,-0.2813652874349759,3.046870470046997,-0.3762038052082062
1.6997218132019043,27.656262402271196,0.11718897068449508,95.71430268865092,-2.014392473748953,27.656262402271196,0.11718897068449508,95.71430268865092,-2.014392473748953,3.87716972823501,-0.25422135727226197,3.2992286682128906,-0.3568008244037628
1.7127323150634766,28.652349870069187,0.10254163000940508,93.24984066251608,-1.7303596974442073,28.652349870069187,0.10254163000940508,93.24984066251608,-1.7303596974442073,3.8505717030789444,-0.2270119009539107,3.44983172416687,-0.3375369906425476
1.7257299423217773,29.604505561125634,0.11718897068449508,90.80259754327885,-1.4800435096469948,29.604505561125634,0.11718897068449508,90.80259754327885,-1.4800435096469948,3.786606406493894,-0.2003489523409381,3.600403070449829,-0.3258786201477051
1.7397305965423584,30.644538466043485,0.11718897068449508,88.3320839695394,-1.2524300168772586,30.644538466043485,0.11718897068449508,88.3320839695394,-1.2524300168772586,3.6910464696166128,-0.1745221974222992,3.6977343559265137,-0.30468156933784485
1.7537424564361572,31.625982008260948,0.11718897068449508,85.89539349256984,-1.07956187768735,31.625982008260948,0.11718897068449508,85.89539349256984,-1.07956187768735,3.5690605027029276,-0.14985843744585234,3.7588911056518555,-0.2747332751750946
1.7667481899261475,32.46094531353833,0.11718897068449508,83.39686931304415,-0.902701813092686,32.46094531353833,0.11718897068449508,83.39686931304415,-0.902701813092686,3.425055215096234,-0.1265280569313032,3.7840735912323,-0.24787554144859314
1.7797436714172363,33.237305595737,0.13183631135959217,80.4617935927171,-0.7106970313131353,33.237305595737,0.13183631135959217,80.4617935927171,-0.7106970313131353,3.2610014594607586,-0.1043976668371533,3.7635788917541504,-0.23592714965343475
1.7927913665771484,33.911144738493775,0.20507984492422082,77.04191787529172,-0.14664043956068465,33.911144738493775,0.20507984492422082,77.04191787529172,-0.14664043956068465,3.076972630839291,-0.08184690459345825,3.7162282466888428,-0.22248566150665283
1.8057644367218018,34.4970793466325,0.3369161562838059,73.13876529295291,0.9570171849199199,34.4970793466325,0.3369161562838059,73.13876529295291,0.9570171849199199,2.8729471612987845,-0.05533575622228959,3.634838819503784,-0.19462108612060547
1.8187620639801025,35.009767006112,0.48339980831848806,68.9531570676774,2.3233996233104386,35.009767006112,0.48339980831848806,68.9531570676774,2.3233996233104386,2.6498319739012994,-0.022293812040085036,3.517566680908203,-0.16577459871768951
1.8327715396881104,35.50782440038931,0.6298868754477454,64.40250255202137,3.498770165311144,35.50782440038931,0.6298868754477454,64.40250255202137,3.498770165311144,2.408981146485489,0.016452497634037774,3.369847297668457,-0.1403518170118332
1.845777988433838,35.90333333446809,0.7177777496874711,60.15285447308783,4.088056048454807,35.90333333446809,0.7177777496874711,60.15285447308783,4.088056048454807,2.1540269660737663,0.05668681685224299,3.2064294815063477,-0.10615286231040955
1.8597872257232666,36.25488317104863,0.7617231868073375,55.5258316123219,4.158634527582664,36.25488317104863,0.7617231868073375,55.5258316123219,4.158634527582664,1.8881072005981034,0.09344658667194915,3.024229049682617,-0.06634411215782166
1.8727951049804688,36.48925428222846,0.7470724310376582,51.04347215817684,3.6755523230605873,36.48925428222846,0.7470724310376582,51.04347215817684,3.6755523230605873,1.6133472411851024,0.12263415616511654,2.8383984565734863,-0.03580676391720772
1.885786771774292,36.635748179546894,0.7470724310376582,46.14937524048507,3.1479334431686192,36.635748179546894,0.7470724310376582,46.14937524048507,3.1479334431686192,1.331477484311796,0.14273902951265122,2.639686346054077,-0.0018274553585797548
1.8987903594970703,36.665036030707896,0.7177777496874711,40.845268897106614,2.429323264176054,36.665036030707896,0.7177777496874711,40.845268897106614,2.429323264176054,1.0417374148128455,0.15402141160912428,2.414539098739624,0.025509240105748177
1.91188645362854,36.65039210512738,0.7031269939177918,35.4781506435402,2.026216811862714,36.65039210512738,0.7031269939177918,35.4781506435402,2.026216811862714,0.7449358133854816,0.15822619151253164,2.1484415531158447,0.05583589896559715
1.9258038997650146,36.635748179546894,0.6884796532427018,30.520621759026522,1.6689671824197823,36.635748179546894,0.6884796532427018,30.520621759026522,1.6689671824197823,0.44514387579451586,0.1578444247909851,1.864614725112915,0.08319705724716187
1.9388110637664795,36.59180274242702,0.7177777496874711,26.18913093836329,1.4452931079755567,36.59180274242702,0.7177777496874711,26.18913093836329,1.4452931079755567,0.14866670932225823,0.15427942746618015,1.6105444431304932,0.10199326276779175
1.951817274093628,36.37207555682771,0.7031269939177918,21.251827951529318,1.2625534244442755,36.37207555682771,0.7031269939177918,21.251827951529318,1.2625534244442755,-0.14328018296906236,0.14872805980484857,1.3490724563598633,0.12950213253498077
1.9648222923278809,36.03516964582765,0.7031269939177918,15.580088383622211,1.065863613141772,36.03516964582765,0.7031269939177918,15.580088383622211,1.065863613141772,-0.43523426091539363,0.14162057291538616,1.08550226688385,0.1409088373184204
1.9778327941894531,35.53711225155034,0.6884796532427018,9.20697376531942,0.8751309540951362,35.53711225155034,0.6884796532427018,9.20697376531942,0.8751309540951362,-0.7314526740623232,0.13318575487630546,0.8092071413993835,0.1491256058216095
1.9948291778564453,34.70214894627294,0.5712906825582067,0.12306320017496919,-0.027444287054493033,34.70214894627294,0.5712906825582067,0.12306320017496919,-0.027444287054493033,-1.0436263171209124,0.12077916229438639,0.44406598806381226,0.1612309068441391
2.0078330039978027,33.92578866407429,0.3955089340787623,-7.156220566080494,-1.4859288915557245,33.92578866407429,0.3955089340787623,-7.156220566080494,-1.4859288915557245,-1.3714118575995957,0.09987511899232031,0.1570959836244583,0.17051514983177185
2.0208351612091064,33.03223599609653,0.10254163000940508,-14.65153270369544,-3.8063162947204816,33.03223599609653,0.10254163000940508,-14.65153270369544,-3.8063162947204816,-1.7042384370315447,0.06603978482832111,-0.11353462934494019,0.1717509627342224
2.0338425636291504,32.06543637945957,-0.2929638889747679,-22.161588658407506,-6.9277716557979,32.06543637945957,-0.2929638889747679,-22.161588658407506,-6.9277716557979,-2.0404890754951746,0.01455061532982554,-0.39784809947013855,0.1723356693983078
2.046847343444824,31.010759548961218,-0.8349564750882053,-29.332858692550474,-10.848450930433783,31.010759548961218,-0.8349564750882053,-29.332858692550474,-10.848450930433783,-2.3764948295640282,-0.05827626876050682,-0.636412501335144,0.16667774319648743
2.0598554611206055,29.780287309605086,-1.4501925947662713,-37.03282464204016,-15.37331465178383,29.780287309605086,-1.4501925947662713,-37.03282464204016,-15.37331465178383,-2.711220676159154,-0.1546614678799707,-0.9974547028541565,0.15401826798915863
2.0728700160980225,28.491212047170237,-2.18261427003425,-44.86075760072462,-20.34345206550535,28.491212047170237,-2.18261427003425,-44.86075760072462,-20.34345206550535,-3.045693609535938,-0.2749223380084448,-1.3128961324691772,0.12723153829574585
2.0948853492736816,26.0302812288363,-3.647457620570208,-58.18851938854884,-29.46757734373981,26.0302812288363,-3.647457620570208,-58.18851938854884,-29.46757734373981,-3.4011172968463588,-0.4337177163004528,-1.8744232654571533,0.04635491594672203
2.110884666442871,24.125983507101736,-4.907224541276527,-67.41839307060802,-36.690977089175604,24.125983507101736,-4.907224541276527,-67.41839307060802,-36.690977089175604,-3.778211903464802,-0.63377160335911,-2.1968038082122803,-0.01341281458735466
2.1248719692230225,22.39746753384661,-6.108395269093311,-74.77630314646346,-43.21830884120082,22.39746753384661,-6.108395269093311,-74.77630314646346,-43.21830884120082,-4.1473315638902735,-0.857357105587503,-2.434431314468384,-0.06951241195201874
2.137874126434326,20.7568424348312,-7.280271315559908,-81.17224254942515,-49.17155294820271,20.7568424348312,-7.280271315559908,-81.17224254942515,-49.17155294820271,-4.496015803435886,-1.0946260105058179,-2.6923820972442627,-0.15693578124046326
2.1518924236297607,18.83790078751612,-8.613276647188986,-88.25719777547937,-55.27692244349371,18.83790078751612,-8.613276647188986,-88.25719777547937,-55.27692244349371,-4.8242055209950285,-1.3405588321788777,-3.001373529434204,-0.2947859764099121
2.1649010181427,16.88965762866168,-9.858396227220215,-95.57349833891111,-60.5709781635085,16.88965762866168,-9.858396227220215,-95.57349833891111,-60.5709781635085,-5.13684594772893,-1.5898502648494754,-3.356283664703369,-0.4779893159866333
2.1789002418518066,14.443363905719082,-11.249996044191537,-105.07343770075259,-65.67439988869364,14.443363905719082,-11.249996044191537,-105.07343770075259,-65.67439988869364,-5.44436105688778,-1.8365469817314932,-3.7088370323181152,-0.6844877004623413
2.1919047832489014,11.953131575845802,-12.553708402017723,-115.38659304555414,-70.09883250848783,11.953131575845802,-12.553708402017723,-115.38659304555414,-70.09883250848783,-5.758064279463096,-2.0761153632916503,-4.0488667488098145,-0.895358145236969
2.204926013946533,9.37500837173279,-13.857419052296613,-125.90054912176488,-73.86198670340887,9.37500837173279,-13.857419052296613,-125.90054912176488,-73.86198670340887,-6.0794798623622555,-2.3027928351589626,-4.363199710845947,-1.1344882249832153
2.218903064727783,6.70898746319088,-15.278318673259996,-135.29357553252817,-77.60641251962576,6.70898746319088,-15.278318673259996,-135.29357553252817,-77.60641251962576,-6.401959863542971,-2.514420200251071,-4.594588279724121,-1.356819987297058
2.2319257259368896,4.453133074686576,-16.669920197778612,-140.98522680941315,-80.99444589514054,4.453133074686576,-16.669920197778612,-140.98522680941315,-80.99444589514054,-6.70386799861459,-2.7104790513546164,-4.721840858459473,-1.6079075336456299
2.2449169158935547,2.4316497973620983,-17.988278188732597,-143.71015809954642,-83.83867326931725,2.4316497973620983,-17.988278188732597,-143.71015809954642,-83.83867326931725,-6.959293171612937,-2.8884711377193732,-4.841785430908203,-1.8367784023284912
2.2579195499420166,0.5566467569776989,-19.086912409181856,-144.16368266043526,-84.7505376744598,0.5566467569776989,-19.086912409181856,-144.16368266043526,-84.7505376744598,-7.152205965295065,-3.0399291149601946,-4.909420490264893,-2.1157608032226562
2.271934986114502,-1.3769456461070604,-19.863279521569694,-143.31986742999354,-82.11677574936787,-1.3769456461070604,-19.863279521569694,-143.31986742999354,-82.11677574936787,-7.276078534031756,-3.145504992195394,-4.9447021484375,-2.404574394226074
2.2859346866607666,-3.295894123611305,-20.08300499962171,-142.12988455203723,-74.74271227612535,-3.295894123611305,-20.08300499962171,-142.12988455203723,-74.74271227612535,-7.333575711728285,-3.177453075395878,-4.969210624694824,-2.6675832271575928
2.2989423274993896,-5.009759341096768,-19.892575910467173,-140.8216027976563,-64.25176710722837,-5.009759341096768,-19.892575910467173,-140.8216027976563,-64.25176710722837,-7.3321517554003455,-3.1142312344368244,-4.986597061157227,-2.8170809745788574
2.311945676803589,-6.562500396061608,-19.5117160246108,-138.60616263847098,-52.482511054028485,-6.562500396061608,-19.5117160246108,-138.60616263847098,-52.482511054028485,-7.276203455478038,-2.952110523563882,-5.0597944259643555,-2.942808151245117
2.3249523639678955,-7.983398309477707,-18.955076097822268,-135.0389870614051,-40.478023285813364,-7.983398309477707,-18.955076097822268,-135.0389870614051,-40.478023285813364,-7.164747272434146,-2.7002274446357633,-5.053396224975586,-3.027390241622925
2.337953805923462,-9.184562207105316,-18.266599859674155,-130.17904791975258,-28.757323047423107,-9.184562207105316,-18.266599859674155,-130.17904791975258,-28.757323047423107,-6.995675412368111,-2.3732633494774524,-5.062201023101807,-3.071049451828003
2.3509562015533447,-10.195300430672972,-17.47558369906393,-123.95173222702016,-17.45597081086224,-10.195300430672972,-17.47558369906393,-123.95173222702016,-17.45597081086224,-6.767441845802939,-1.986845875325194,-5.117629051208496,-3.0407872200012207
2.3659613132476807,-11.10351068460956,-16.420896623281827,-115.13016042335518,-4.827167894014812,-11.10351068460956,-16.420896623281827,-115.13016042335518,-4.827167894014812,-6.4737317889598325,-1.5480647088242718,-5.11231803894043,-2.9260852336883545
2.3789713382720947,-11.689445292748275,-15.395504228849905,-106.57840158247319,5.838433749695852,-11.689445292748275,-15.395504228849905,-106.57840158247319,5.838433749695852,-6.116205554587552,-1.0695770231272659,-5.114354133605957,-2.7696352005004883
2.391972541809082,-12.143543589527411,-14.194333501033125,-97.65419252615042,16.34341837243179,-12.143543589527411,-14.194333501033125,-97.65419252615042,16.34341837243179,-5.705715806684176,-0.5684969386712591,-5.084963321685791,-2.5524919033050537
2.4069790840148926,-12.4951070864863,-12.612302887359967,-87.06229716132066,28.618349188380858,-12.4951070864863,-12.612302887359967,-87.06229716132066,28.618349188380858,-5.243902190516766,-0.044302195385023134,-5.070908069610596,-2.2108869552612305
2.4199869632720947,-12.685546420924595,-11.088865051481765,-77.89651114424372,39.537789689953165,-12.685546420924595,-11.088865051481765,-77.89651114424372,39.537789689953165,-4.739802520710866,0.49844394422975175,-5.073756694793701,-1.8567626476287842
2.4329936504364014,-12.72948502785529,-9.448239952466363,-68.75270467591587,50.49737121327764,-12.72948502785529,-9.448239952466363,-68.75270467591587,50.49737121327764,-4.208280660882141,1.048671275652256,-5.059432029724121,-1.4791070222854614
2.4459986686706543,-12.74413578362497,-7.661131201416282,-60.0315503134284,61.100522729859584,-12.74413578362497,-7.661131201416282,-60.0315503134284,61.100522729859584,-3.6580867967344406,1.6009788776185767,-5.027930736541748,-1.0558232069015503
2.462005853652954,-12.72948502785529,-5.346675497380563,-50.57039276569425,73.64383046131867,-12.72948502785529,-5.346675497380563,-50.57039276569425,73.64383046131867,-3.0936825475609693,2.1585143425298163,-4.875371932983398,-0.4655244052410126
2.475008249282837,-12.72948502785529,-3.38378841294562,-43.95369823366317,83.40206025681336,-12.72948502785529,-3.38378841294562,-43.95369823366317,83.40206025681336,-2.528854257611258,2.713996258648386,-4.646515369415283,0.02695002593100071
2.48801589012146,-12.65624490938525,-1.3183562834066862,-37.910128289982445,92.40647622455958,-12.65624490938525,-1.3183562834066862,-37.910128289982445,92.40647622455958,-1.980748720789118,3.2502005956684643,-4.375131607055664,0.49720823764801025
2.5010197162628174,-12.43651772378594,0.7763705274824275,-31.37057049934291,101.19395172388788,-12.43651772378594,0.7763705274824275,-31.37057049934291,101.19395172388788,-1.4502793338523934,3.7630336579255643,-4.0001540184021,1.0524258613586426
2.5142149925231934,-12.084954226827037,2.988282893961454,-24.452563879624012,109.60507013957012,-12.084954226827037,2.988282893961454,-24.452563879624012,109.60507013957012,-0.9342443718724472,4.250685169428203,-3.5485618114471436,1.5840051174163818
2.528041362762451,-11.557608981388697,5.5664060980744665,-16.40227582005708,118.90209141135969,-11.557608981388697,5.5664060980744665,-16.40227582005708,118.90209141135969,-0.4272015691534852,4.716250439551416,-3.0143797397613525,2.151914596557617
2.541033983230591,-10.927728936130123,8.144529302187479,-8.479537274371907,128.0143150849654,-10.927728936130123,8.144529302187479,-8.479537274371907,128.0143150849654,0.07350639785329081,5.163242374656387,-2.5122151374816895,2.656768798828125
2.5550365447998047,-10.107409556433254,11.088870174123649,0.2918405896605693,138.62963116845916,-10.107409556433254,11.088870174123649,0.2918405896605693,138.62963116845916,0.5690295863011541,5.597273106467871,-1.9910576343536377,3.178178548812866
2.568042516708374,-9.22851447441434,14.062502312315424,8.612032698986399,149.26315653628012,-9.22851447441434,14.062502312315424,8.612032698986399,149.26315653628012,1.0590310147699125,6.024044864519015,-1.5224355459213257,3.6633682250976562
2.5810463428497314,-8.203118664887839,17.197268858311546,17.11411642780852,160.56666882016603,-8.203118664887839,17.197268858311546,17.11411642780852,160.56666882016603,1.540510564976884,6.445072820865651,-1.0408504009246826,4.056896686553955
2.5940513610839844,-6.987297181301386,20.551759174812396,26.197851382386105,172.16960293688692,-6.987297181301386,20.551759174812396,26.197851382386105,172.16960293688692,2.0151744905777873,6.862853833723729,-0.5604038238525391,4.361614227294922
2.6070590019226074,-5.5517485121156085,23.935547587758023,36.2022087521695,183.35357324991924,-5.5517485121156085,23.935547587758023,36.2022087521695,183.35357324991924,2.487543628538707,7.275092628851136,-0.07146474719047546,4.587582588195801
2.6200673580169678,-3.83788329463016,27.319339415798225,47.5134835460471,193.57891285256193,-3.83788329463016,27.319339415798225,47.5134835460471,193.57891285256193,2.964457708049452,7.674715484558596,0.40556517243385315,4.724460124969482
2.634063243865967,-1.6259743432457299,31.010749303677464,61.3388348601905,203.12496282149016,-1.6259743432457299,31.010749303677464,61.3388348601905,203.12496282149016,3.458241232755092,8.054692172144271,0.9220735430717468,4.806201457977295
2.6490862369537354,1.0693480768355386,34.980468909667216,77.64145139006793,211.87241341228219,1.0693480768355386,34.980468909667216,77.64145139006793,211.87241341228219,3.9841058678184944,8.409794300973312,1.4638365507125854,4.8727850914001465
2.6620757579803467,3.706060643648925,38.37891149347711,92.84393618052057,218.47745222649462,3.706060643648925,38.37891149347711,92.84393618052057,218.47745222649462,4.540079765050518,8.729718914759586,1.934496521949768,4.9369707107543945
2.6750752925872803,6.503911033361248,41.733408640167134,108.05603104713542,223.62032512432577,6.503911033361248,41.733408640167134,108.05603104713542,223.62032512432577,5.114209191731483,9.003121154445813,2.377598762512207,4.951165199279785
2.688080310821533,9.433604564622328,45.08789212647881,122.74584866867608,227.62606714799816,9.433604564622328,45.08789212647881,122.74584866867608,227.62606714799816,5.698552368344184,9.224638312751788,2.847724676132202,4.948258876800537
2.7010886669158936,12.583011621104376,48.32520371757892,137.5539036949388,230.66655317778603,12.583011621104376,48.32520371757892,137.5539036949388,230.66655317778603,6.28676183265796,9.3919790998084,3.354027032852173,4.946739196777344
2.714092254638672,16.010748886264437,51.5625016483007,152.67644795134564,232.67503860511997,16.010748886264437,51.5625016483007,152.67644795134564,232.67503860511997,6.876866409913731,9.503916574500801,3.8351244926452637,4.971694469451904
2.7271227836608887,19.423842225843998,54.53614061668164,167.00132173534334,232.97515711725032,19.423842225843998,54.53614061668164,167.00132173534334,232.97515711725032,7.463450189503309,9.556721723662601,4.207236289978027,5.0287861824035645
2.740104913711548,22.734387105224997,57.17286001368419,178.82614137744127,230.42271542441657,22.734387105224997,57.17286001368419,178.82614137744127,230.42271542441657,8.03040861151388,9.54011782009119,4.5257439613342285,5.082552433013916
2.7531087398529053,25.81055404323699,59.3847757952578,187.16969556185373,224.09178576197507,25.81055404323699,59.3847757952578,187.16969556185373,224.09178576197507,8.55306264462316,9.437213914684635,4.742321968078613,5.151923179626465
2.7661139965057373,28.46192419600922,61.05468874543421,191.1726918494798,213.4404472607987,28.46192419600922,61.05468874543421,191.1726918494798,213.4404472607987,9.002878283685373,9.228031478752511,4.912674427032471,5.17270040512085
2.779135227203369,30.571291517384267,62.09472848054123,189.13830634481315,198.2374297155908,30.571291517384267,62.09472848054123,189.13830634481315,198.2374297155908,9.34535437372385,8.892946962478772,5.035769939422607,5.228623390197754
2.792118549346924,31.97754550521985,62.57813511904889,180.91141179142448,179.12139679488257,31.97754550521985,62.57813511904889,180.91141179142448,179.12139679488257,9.54417823760339,8.417542105196372,5.142777442932129,5.232645511627197
2.8051321506500244,32.709974010677,62.59277904462939,166.8976941052559,157.35126164573413,32.709974010677,62.59277904462939,166.8976941052559,157.35126164573413,9.570327846475234,7.7980593998664185,5.209135055541992,5.203212738037109
2.818127155303955,32.84181032203658,62.41699729614994,148.30947088284958,135.4860775840958,32.84181032203658,62.41699729614994,148.30947088284958,135.4860775840958,9.406662577285804,7.047808278355804,5.207112789154053,5.158715724945068
2.8321332931518555,32.62208313643727,62.08008455496073,126.19053163316694,113.47654430453841,32.62208313643727,62.08008455496073,126.19053163316694,113.47654430453841,9.048856265360163,6.18916241079034,5.172391891479492,5.116434097290039
2.8451387882232666,32.255875713897865,61.655274109342606,106.18633506373612,94.65757680140156,32.255875713897865,61.655274109342606,106.18633506373612,94.65757680140156,8.521667071170848,5.255173657779636,5.124991416931152,5.084725856781006
2.8581442832946777,31.8017637567404,61.15723720563279,87.71820705750616,77.58088810269743,31.8017637567404,61.15723720563279,87.71820705750616,77.58088810269743,7.867683842114538,4.282085745223406,5.076180458068848,5.0616583824157715
2.8711767196655273,31.259774585721544,60.64453588577495,71.02423434856534,62.445373317056756,31.259774585721544,60.64453588577495,71.02423434856534,62.445373317056756,7.122065798171276,3.2958456133628418,5.055499076843262,5.018154621124268
2.884153127670288,30.703127828743845,60.14648532168679,56.23131843659793,49.28329484302412,30.703127828743845,60.14648532168679,56.23131843659793,49.28329484302412,6.316659427284207,2.319675597971762,5.052101135253906,4.978130340576172
2.89715576171875,30.14649473214449,59.63379083201813,43.36526377628823,37.97603620037849,30.14649473214449,59.63379083201813,43.36526377628823,37.97603620037849,5.480115430661958,1.373019800101437,5.020701885223389,4.729722023010254
2.9151852130889893,29.443367738226698,58.784183601160244,28.681603570284345,23.712415552857458,29.443367738226698,58.784183601160244,28.681603570284345,23.712415552857458,4.622395144876289,0.4521846349707983,5.00862455368042,4.05201530456543
2.9281651973724365,28.959967929908217,57.93457637030236,20.20478044233387,13.132297995477735,28.959967929908217,57.93457637030236,20.20478044233387,13.132297995477735,3.7696678914497967,-0.43835220614636855,4.991763114929199,3.485480785369873
2.941175699234009,28.53517114466844,56.923831316545524,13.266172264530924,2.1673485837958646,28.53517114466844,56.923831316545524,13.266172264530924,2.1673485837958646,2.95794170178243,-1.2843159815965741,4.977436065673828,2.8799545764923096
2.954179286956787,28.110360699050332,55.751962100268095,7.402550484723357,-9.015357077022944,28.110360699050332,55.751962100268095,7.402550484723357,-9.015357077022944,2.1968201414599386,-2.0899714182477225,4.879920482635498,2.228341817855835
2.9672133922576904,27.612303304772993,54.37500279378269,1.959112124258043,-20.672400806122333,27.612303304772993,54.37500279378269,1.959112124258043,-20.672400806122333,1.489307288681655,-2.8598199207340667,4.563904285430908,1.463468074798584
2.980187177658081,26.8945323852747,52.71972693899762,-4.3800398052836815,-33.24915597394697,26.8945323852747,52.71972693899762,-4.3800398052836815,-33.24915597394697,0.828625222246702,-3.600765124316345,4.071461200714111,0.6137720346450806
2.9931929111480713,25.898444917476724,50.727545173212484,-12.471604405552293,-47.51612682925589,25.898444917476724,50.727545173212484,-12.471604405552293,-47.51612682925589,0.19984222053183637,-4.323631404740191,3.5168709754943848,-0.2388405203819275
3.006199836730957,24.62404090137906,48.29590903622874,-22.493761248312737,-63.84483809685735,24.62404090137906,48.29590903622874,-22.493761248312737,-63.84483809685735,-0.4131736109680114,-5.042547974203834,2.9118614196777344,-1.035927176475525
3.022205352783203,22.61719471944592,44.64843775528019,-37.13579998906186,-87.30103276338012,22.61719471944592,44.64843775528019,-37.13579998906186,-87.30103276338012,-1.035657384679807,-5.791792359130815,2.1575872898101807,-1.9667435884475708
3.035247802734375,20.71289699771134,41.0888710089497,-50.364961166027776,-109.40793038955604,20.71289699771134,41.0888710089497,-50.364961166027776,-109.40793038955604,-1.6754857669937802,-6.586149834848839,1.5635031461715698,-2.660395622253418
3.0553624629974365,17.050788621371453,34.61426148712781,-73.64912385792543,-147.84452624566848,17.050788621371453,34.61426148712781,-73.64912385792543,-147.84452624566848,-2.361481643187431,-7.475648154249079,0.7008939385414124,-3.6311073303222656
3.069226026535034,13.798833104690829,29.809571745671512,-93.31311553498708,-174.4752289138731,13.798833104690829,29.809571745671512,-93.31311553498708,-174.4752289138731,-3.108992504995002,-8.460094427307407,0.1525837779045105,-4.111427307128906
3.0822291374206543,10.20997167701016,25.429692449833333,-114.74134507466303,-196.2135080607326,10.20997167701016,25.429692449833333,-114.74134507466303,-196.2135080607326,-3.897658880201797,-9.452157303130438,-0.33198094367980957,-4.449697017669678
3.0962376594543457,5.874030988102675,20.66894814549689,-139.96807503821483,-215.75961067271984,5.874030988102675,20.66894814549689,-139.96807503821483,-215.75961067271984,-4.74089383050291,-10.416354530141273,-0.8876488208770752,-4.6408162117004395
3.1092476844787598,1.5380902991951757,16.523443375933113,-164.1951111940869,-230.2264157876704,1.5380902991951757,16.523443375933113,-164.1951111940869,-230.2264157876704,-5.638013510322997,-11.32167477753643,-1.5520564317703247,-4.789802551269531
3.1222569942474365,-2.929686701071901,12.53906618398451,-187.5350423805577,-240.43044520010264,-2.929686701071901,12.53906618398451,-187.5350423805577,-240.43044520010264,-6.568170153959661,-12.133665310707885,-2.3189425468444824,-4.889283657073975
3.1354377269744873,-7.016598692840731,8.759765421865545,-206.02258861459802,-247.52876027617341,-7.016598692840731,8.759765421865545,-206.02258861459802,-247.52876027617341,-7.4974912928441535,-12.83141353621083,-3.1401753425598145,-4.953151702880859
3.1493043899536133,-10.85448881766007,4.658202674327036,-217.70603700125505,-253.55566455827932,-10.85448881766007,4.658202674327036,-217.70603700125505,-253.55566455827932,-8.372941040949335,-13.410482119428739,-3.864058256149292,-4.992493152618408
3.163256883621216,-13.959957267211436,0.585941438327886,-220.82222884780333,-258.5944863542945,-13.959957267211436,0.585941438327886,-220.82222884780333,-258.5944863542945,-9.134347911013183,-13.876545168182453,-4.380800247192383,-5.020512104034424
3.176267385482788,-16.274407848605264,-2.9882794788668576,-217.00356570549758,-261.2433703182088,-16.274407848605264,-2.9882794788668576,-217.00356570549758,-261.2433703182088,-9.731022980430154,-14.22974534248689,-4.660655498504639,-5.092541217803955
3.189274549484253,-17.958978384740533,-6.049802491298358,-207.5725907637057,-259.6396419010898,-17.958978384740533,-6.049802491298358,-207.5725907637057,-259.6396419010898,-10.133157861954828,-14.457428782409272,-4.842933654785156,-5.197890281677246
3.2022650241851807,-19.174799868327,-8.247069224649582,-194.01283477053283,-251.22017699424183,-19.174799868327,-8.247069224649582,-194.01283477053283,-251.22017699424183,-10.32743369271506,-14.531419381852965,-4.964862823486328,-5.262004375457764
3.217287063598633,-20.05370861072423,-9.697261819415857,-175.0409188413119,-231.78173182395236,-20.05370861072423,-9.697261819415857,-175.0409188413119,-231.78173182395236,-10.303905295432646,-14.40094488129203,-5.049647331237793,-5.33013391494751
3.231287717819214,-20.317381233443413,-10.151365238836863,-154.7512545155204,-206.30881452195658,-20.317381233443413,-10.151365238836863,-154.7512545155204,-206.30881452195658,-10.066660544647643,-14.026887307317459,-5.113598346710205,-5.317941665649414
3.244295120239258,-20.068352536304744,-10.166014287059248,-133.45312641915487,-180.35222420407555,-20.068352536304744,-10.166014287059248,-133.45312641915487,-180.35222420407555,-9.638389561863805,-13.420073166829706,-5.143251419067383,-5.241756916046143
3.2572989463806152,-19.365225542386952,-10.151365238836863,-110.38530313902818,-156.3077863254746,-19.365225542386952,-10.151365238836863,-110.38530313902818,-156.3077863254746,-9.037707238351746,-12.623591993449843,-5.137516975402832,-5.153879165649414
3.2703068256378174,-18.28124720034924,-10.151365238836863,-86.269947406275,-135.60268257360624,-18.28124720034924,-10.151365238836863,-86.269947406275,-135.60268257360624,-8.281739259965738,-11.690966014979685,-5.176717758178711,-5.108558177947998
3.2843003273010254,-16.874993212513658,-10.151365238836863,-60.756615874960275,-116.43448066801749,-16.874993212513658,-10.151365238836863,-60.756615874960275,-116.43448066801749,-7.387798231177086,-10.667119339412402,-5.134385585784912,-5.071074485778809
3.297307252883911,-15.468746054867239,-10.151365238836863,-38.924995362903374,-101.20527617753176,-15.468746054867239,-10.151365238836863,-38.924995362903374,-101.20527617753176,-6.39048934256911,-9.593391240936384,-5.073363304138184,-5.043056011199951
3.3103137016296387,-14.135739015690874,-10.151365238836863,-20.094167236272806,-87.98428390681318,-14.135739015690874,-10.151365238836863,-20.094167236272806,-87.98428390681318,-5.337560509494743,-8.507347497701051,-5.063720226287842,-5.033122539520264
3.324307680130005,-12.846670583445203,-10.166014287059248,-3.917732048009022,-75.79829752178331,-12.846670583445203,-10.166014287059248,-3.917732048009022,-75.79829752178331,-4.265809772312225,-7.429210546895212,-5.005152225494385,-5.023477077484131
3.3373212814331055,-11.806637678527366,-10.224607064854204,7.396522842780821,-66.32285121830549,-11.806637678527366,-10.224607064854204,7.396522842780821,-66.32285121830549,-3.214402373760408,-6.37896925392156,-4.9708404541015625,-4.99752140045166
3.351327657699585,-10.83983806189039,-10.44433254290622,16.30043769953219,-58.82050996226095,-10.83983806189039,-10.44433254290622,16.30043769953219,-58.82050996226095,-2.2156718764106165,-5.377482051733284,-4.919025421142578,-4.9682488441467285
3.3643321990966797,-9.975580075262826,-10.83984147698498,22.61386158713095,-54.59217548863242,-9.975580075262826,-10.83984147698498,22.61386158713095,-54.59217548863242,-1.2879910085283715,-4.4446480858466,-4.689788818359375,-4.947363376617432
3.3773369789123535,-9.023431214395544,-11.425777792670985,28.589160374962805,-52.82085130475424,-9.023431214395544,-11.425777792670985,28.589160374962805,-52.82085130475424,-0.43846943816988143,-3.59898819564239,-4.259792327880859,-4.953217029571533
3.3913393020629883,-7.822260486578756,-12.187497564383733,35.59502884061746,-52.882162497838856,-7.822260486578756,-12.187497564383733,35.59502884061746,-52.882162497838856,0.3423017757326866,-2.849950474204167,-3.5923330783843994,-4.919732093811035
3.40634822845459,-6.313471698922939,-12.963864676771571,44.16219658826698,-53.180928632513556,-6.313471698922939,-12.963864676771571,44.16219658826698,-53.180928632513556,1.070798331895981,-2.196088441842075,-2.7467408180236816,-4.724575042724609
3.4193530082702637,-4.892573785506855,-13.374020951525424,52.08636008216775,-51.689304110241984,-4.892573785506855,-13.374020951525424,52.08636008216775,-51.689304110241984,1.7545629018133588,-1.6207930781888717,-2.0201947689056396,-4.389867782592773
3.432349920272827,-3.325188804961499,-13.461911825765146,60.18742206047726,-47.217166034189844,-3.325188804961499,-13.461911825765146,60.18742206047726,-47.217166034189844,2.394586048571331,-1.0961987294916364,-1.3176599740982056,-3.963921070098877
3.4453604221343994,-1.6113235874760505,-13.300779125508083,68.75784780836088,-40.36924569309174,-1.6113235874760505,-13.300779125508083,68.75784780836088,-40.36924569309174,2.9964517419068355,-0.5958707551677804,-0.5908430218696594,-3.4405486583709717
3.459357738494873,0.48340663850765964,-12.890621143206939,78.95579835243181,-31.56602660772658,0.48340663850765964,-12.890621143206939,78.95579835243181,-31.56602660772658,3.5708779393821977,-0.10131368374984608,0.18534669280052185,-2.8379151821136475
3.4723668098449707,2.724610271242284,-12.290035779298549,89.598530815254,-22.174248414034125,2.724610271242284,-12.290035779298549,89.598530815254,-22.174248414034125,4.1270048966144435,0.39600937154238,0.8704230189323425,-2.2923617362976074
3.4854421615600586,5.229493356885243,-11.469723229790848,101.59333337522602,-11.813064886536344,5.229493356885243,-11.469723229790848,101.59333337522602,-11.813064886536344,4.671742141203392,0.8993258749613097,1.5164361000061035,-1.7913780212402344
3.4993832111358643,8.173837643916002,-10.327146987316311,115.72282959801552,0.3555825296769199,8.173837643916002,-10.327146987316311,115.72282959801552,0.3555825296769199,5.218046551420948,1.4163145851472543,2.185084819793701,-1.2532645463943481
3.5123841762542725,11.235353826158331,-8.994138240592651,129.92137220312466,12.559177675995612,11.235353826158331,-8.994138240592651,129.92137220312466,12.559177675995612,5.771734223699505,1.9496676339924723,2.8124868869781494,-0.7599583864212036
3.526383638381958,14.824228914217343,-7.265620559790232,146.59462894831285,26.899245215802008,14.824228914217343,-7.265620559790232,146.59462894831285,26.899245215802008,6.339124041150175,2.502974776913167,3.443134069442749,-0.22804966568946838
3.5403871536254883,18.676762964617183,-5.1415956524563455,163.5743289608028,42.610015608814074,18.676762964617183,-5.1415956524563455,163.5743289608028,42.610015608814074,6.9265137888784665,3.084634468033525,3.9118406772613525,0.32946354150772095
3.553406000137329,22.382823608266094,-2.885741263952042,178.63411743911553,58.463994578153795,22.382823608266094,-2.885741263952042,178.63411743911553,58.463994578153795,7.521184016111566,3.6934911114084628,4.2694010734558105,0.8366402983665466
3.566399335861206,26.162117540195894,-0.3515566667697243,192.94248948607847,75.28168933372022,26.162117540195894,-0.3515566667697243,192.94248948607847,75.28168933372022,8.107833687661476,4.326757298122795,4.50856876373291,1.3219941854476929
3.5794050693511963,30.11719322060513,2.5341845971823247,206.74408881738316,92.95304162232235,30.11719322060513,2.5341845971823247,206.74408881738316,92.95304162232235,8.679198768562285,4.984840241033662,4.659238338470459,1.8363538980484009
3.5924179553985596,33.98437802677465,5.742187846553911,218.98020879092093,111.500461294627,33.98437802677465,5.742187846553911,218.98020879092093,111.500461294627,9.225863774284504,5.667583076266586,4.785642147064209,2.4253602027893066
3.606415271759033,38.085933944123994,9.550783290023062,229.3032200986948,132.49643548248952,38.085933944123994,9.550783290023062,229.3032200986948,132.49643548248952,9.734176734032177,6.381219888273562,4.831454277038574,3.035310983657837
3.6194238662719727,42.07032479645092,13.330084052142027,238.20016987004004,152.0078134127364,42.07032479645092,13.330084052142027,238.20016987004004,152.0078134127364,10.193281938162452,7.121243260433763,4.889764785766602,3.6268272399902344
3.6324281692504883,46.20118222533962,17.255861636106502,247.24219285935638,170.8544636725793,46.20118222533962,17.255861636106502,247.24219285935638,170.8544636725793,10.602607236159418,7.870939232895905,4.922335624694824,4.055095195770264
3.6464316844940186,50.36134116576768,21.503904620585104,255.14067825707247,189.12352581544926,50.36134116576768,21.503904620585104,255.14067825707247,189.12352581544926,10.963092415590953,8.619710159706266,4.972280025482178,4.395939826965332
3.6594512462615967,53.950195763259174,25.20996526423402,258.92850992546477,202.68386920489075,53.950195763259174,25.20996526423402,258.92850992546477,202.68386920489075,11.25842496222494,9.34199175369411,5.022053241729736,4.6675286293029785
3.672447681427002,57.27540505878817,28.579106336504545,259.2040124358264,211.2963142765483,57.27540505878817,28.579106336504545,259.2040124358264,211.2963142765483,11.465373531175944,9.998229376303632,5.153548240661621,4.846673011779785
3.6854398250579834,60.058597862541646,31.391607481986547,255.2263834707778,214.0896977225434,60.058597862541646,31.391607481986547,255.2263834707778,214.0896977225434,11.564023434484195,10.550454784779381,5.182474613189697,4.992058277130127
3.698444366455078,62.18262276987555,33.58887250779048,245.8020884539942,210.42892123309167,62.18262276987555,33.58887250779048,245.8020884539942,210.42892123309167,11.530045421115915,10.960625940669559,5.244764804840088,5.123880863189697
3.7114763259887695,63.559575246171775,35.08301736986579,230.1119144964243,200.32428473346147,63.559575246171775,35.08301736986579,230.1119144964243,200.32428473346147,11.335024878486957,11.194447521077782,5.339609622955322,5.197166919708252
3.724456787109375,64.16018110064768,35.85937765206446,208.68077529616193,184.3491006422053,64.16018110064768,35.85937765206446,208.68077529616193,184.3491006422053,10.95423836840089,11.225980064985976,5.337098121643066,5.258767604827881
3.738466739654541,64.18946895180868,36.02050864477423,181.44341522587678,162.0746243247431,64.18946895180868,36.02050864477423,181.44341522587678,162.0746243247431,10.369506794965638,11.034779769484308,5.27149772644043,5.256214141845703
3.751469373703003,63.99901595699204,35.78613070340524,156.14280993626213,139.38608827941638,63.99901595699204,35.78613070340524,156.14280993626213,139.38608827941638,9.598011180828468,10.626922332429519,5.1956048011779785,5.2052321434021
3.764477491378784,63.7207130690707,35.39062859951566,133.03917597431706,117.40322005837874,63.7207130690707,35.39062859951566,133.03917597431706,117.40322005837874,8.688293069763635,10.037478369077212,5.12823486328125,5.152060508728027
3.7774879932403564,63.42773893481218,34.8925780354275,112.62891099835065,97.08497139091074,63.42773893481218,34.8925780354275,112.62891099835065,97.08497139091074,7.685627479717281,9.305965275670395,5.089245796203613,5.126927375793457
3.7904834747314453,63.134778460932,34.32129418305846,94.92318236765585,78.87144551618216,63.134778460932,34.32129418305846,94.92318236765585,78.87144551618216,6.631278804269405,8.472626089817357,5.051885604858398,5.099460601806641
3.8035342693328857,62.87110583821281,33.8232436189703,79.83514422693594,63.22748461853658,62.87110583821281,33.8232436189703,79.83514422693594,63.22748461853658,5.560487946349758,7.5760311504342175,5.024533271789551,5.069462299346924
3.816495656967163,62.66602257819402,33.398446833730524,67.21059139529956,50.35358207087053,62.66602257819402,33.398446833730524,67.21059139529956,50.35358207087053,4.5023998298319166,6.652118822765145,5.003967761993408,5.037176132202148
3.829498529434204,62.50489841567342,33.090821943702316,56.78320455172413,40.25653732650278,62.50489841567342,33.090821943702316,56.78320455172413,40.25653732650278,3.479759606517501,5.732545188325971,4.99418830871582,5.0058722496032715
3.8425052165985107,62.43165146701419,32.900396269642364,48.48339089875642,32.81629273529742,62.43165146701419,32.900396269642364,48.48339089875642,32.81629273529742,2.5102817228261,4.843884097496565,4.973553657531738,4.978163719177246
3.855508327484131,62.35840451835499,32.841800076752826,41.6248359531206,27.74731565409664,62.35840451835499,32.841800076752826,41.6248359531206,27.74731565409664,1.6060240187026504,4.0070004681972415,4.803340911865234,4.970955848693848
3.8685779571533203,62.15333491871452,32.85644400233334,35.01488623289491,24.217231419318516,62.15333491871452,32.85644400233334,35.01488623289491,24.217231419318516,0.7695505746252508,3.2348791638498344,4.3885722160339355,4.962510585784912
3.8815181255340576,61.74316839867693,32.841800076752826,27.342492049537277,21.25098442316682,61.74316839867693,32.841800076752826,27.342492049537277,21.25098442316682,-0.007523045315690715,2.530989481427021,3.806922674179077,4.887386798858643
3.8945250511169434,61.01075355359812,32.827149320983146,17.831839535982628,18.583590646601742,61.01075355359812,32.827149320983146,17.831839535982628,18.583590646601742,-0.7412926512961275,1.8929087792480428,3.1331472396850586,4.60299825668335
3.9075286388397217,59.95606306272141,32.76855312809361,6.344460267187294,16.01452768842275,59.95606306272141,32.76855312809361,6.344460267187294,16.01452768842275,-1.4494464061462835,1.3162194430094538,2.4077072143554688,4.171067237854004
3.9205336570739746,58.62305602354506,32.47558582402426,-6.60800909272776,12.170359765982527,58.62305602354506,32.47558582402426,-6.60800909272776,12.170359765982527,-2.145770268363944,0.7902569247738355,1.682875633239746,3.678762435913086
3.9335384368896484,57.026376361649525,31.875000460115864,-20.56758643066661,5.839232028055097,57.026376361649525,31.875000460115864,-20.56758643066661,5.839232028055097,-2.838529373024727,0.29505683800326293,0.9241659045219421,3.1599040031433105
3.946575880050659,55.18066800261532,30.893556917898387,-35.336902331504334,-3.2598317920107034,55.18066800261532,30.893556917898387,-35.336902331504334,-3.2598317920107034,-3.5322921799461375,-0.1926244718490649,0.1913982629776001,2.6377251148223877
3.9615378379821777,52.661147821581,29.29687725600285,-53.524620336454014,-16.82518064289676,52.661147821581,29.29687725600285,-53.524620336454014,-16.82518064289676,-4.240491209657338,-0.7007841085043637,-0.6569486260414124,2.015538215637207
3.975574016571045,49.93653072014955,27.37793560868777,-71.69900239704924,-31.98655793982968,49.93653072014955,27.37793560868777,-71.69900239704924,-31.98655793982968,-4.970890990968036,-1.248482810126109,-1.397193193435669,1.4766684770584106
3.9935593605041504,45.71778241702113,24.33105652183678,-97.88569495787884,-54.30228176968957,45.71778241702113,24.33105652183678,-97.88569495787884,-54.30228176968957,-5.748751463347164,-1.8626891924007831,-2.3294780254364014,0.8095542788505554
4.00655722618103,42.12891415915131,21.752933317723766,-119.35158616063823,-71.92362682828345,42.12891415915131,21.752933317723766,-119.35158616063823,-71.92362682828345,-6.576190752025239,-2.540273870584173,-2.904275894165039,0.35368096828460693
4.019564628601074,38.11524911604168,18.837893957326948,-142.27258086417714,-90.49252061533862,38.11524911604168,18.837893957326948,-142.27258086417714,-90.49252061533862,-7.427919474395455,-3.2529129302745683,-3.439852476119995,-0.08454439043998718
4.033567428588867,33.339854055935575,15.366218085236191,-167.83830677661504,-111.28245531669853,33.339854055935575,15.366218085236191,-167.83830677661504,-111.28245531669853,-8.312421024595638,-4.004572491477429,-3.9223389625549316,-0.5872896909713745
4.0465686321258545,28.403321172930518,11.733404390246484,-193.62110976125427,-131.3949445354199,28.403321172930518,11.733404390246484,-193.62110976125427,-131.3949445354199,-9.231996763834806,-4.791761810925845,-4.2589874267578125,-1.1528302431106567
4.059577703475952,23.291020201824352,7.69043100540835,-219.13873748155692,-153.00898254127688,23.291020201824352,7.69043100540835,-219.13873748155692,-153.00898254127688,-10.176528408884277,-5.6083346754476056,-4.497204303741455,-1.7460421323776245
4.072590589523315,18.2959047863081,3.193362738885668,-240.59600898558375,-176.4278980353097,18.2959047863081,3.193362738885668,-240.59600898558375,-176.4278980353097,-11.119461563894019,-6.45905900874011,-4.72587251663208,-2.419485330581665
4.087619066238403,12.700204006883453,-2.4902323298732867,-261.08392638222404,-204.75500112729205,12.700204006883453,-2.4902323298732867,-261.08392638222404,-204.75500112729205,-12.035152808441305,-7.361753637430186,-4.8754377365112305,-3.26641845703125
4.100610733032227,7.968754383897192,-7.558591278954172,-274.59969595714205,-228.4381766403127,7.968754383897192,-7.558591278954172,-274.59969595714205,-228.4381766403127,-12.88998467855845,-8.30492915682727,-4.906986236572266,-3.8262569904327393
4.1136462688446045,3.603519013639513,-12.187497564383733,-283.6510080037296,-246.5829703214234,3.603519013639513,-12.187497564383733,-283.6510080037296,-246.5829703214234,-13.641353984651873,-9.235809234211601,-4.988409519195557,-4.311258316040039
4.127596139907837,-0.9228473493279239,-16.127925904117884,-289.9104119251827,-255.6628325587416,-0.9228473493279239,-16.127925904117884,-289.9104119251827,-255.6628325587416,-14.270591701182225,-10.09135133397075,-5.050679683685303,-4.664663314819336
4.140606641769409,-4.848628348386995,-18.706052523325482,-292.07877842060833,-252.54231037225955,-4.848628348386995,-18.706052523325482,-292.07877842060833,-252.54231037225955,-14.763987315728096,-10.790928208011874,-5.086174964904785,-4.955493927001953
4.153604507446289,-8.012692990827887,-20.302732185221025,-288.43938042325874,-239.16003001448027,-8.012692990827887,-20.302732185221025,-288.43938042325874,-239.16003001448027,-15.098227085882527,-11.261639974901334,-5.147193908691406,-5.13189172744751
4.1676247119903564,-10.458973053392143,-21.049802908711385,-276.2158279977938,-215.96597800830259,-10.458973053392143,-21.049802908711385,-276.2158279977938,-215.96597800830259,-15.235852280733925,-11.452232354848734,-5.288051128387451,-5.22479248046875
4.184624195098877,-11.806637678527366,-21.079099297608863,-247.89502234022618,-181.65789682619354,-11.806637678527366,-21.079099297608863,-247.89502234022618,-181.65789682619354,-15.103850947884599,-11.316981009562243,-5.375920295715332,-5.1886467933654785
4.197622060775757,-11.821281604107867,-20.874021160231937,-218.16991612892562,-155.89405444669026,-11.821281604107867,-20.874021160231937,-218.16991612892562,-155.89405444669026,-14.670708191737171,-10.893657382945664,-5.345676422119141,-5.1535820960998535
4.210625410079956,-11.440430255987962,-20.43456849658061,-186.62896314564216,-131.6794492351076,-11.440430255987962,-20.43456849658061,-186.62896314564216,-131.6794492351076,-13.96957662434776,-10.26786569483027,-5.254196643829346,-5.1312737464904785
4.223639488220215,-10.986318298830483,-19.70214682131263,-157.46165116309987,-108.07195904827988,-10.986318298830483,-19.70214682131263,-157.46165116309987,-108.07195904827988,-13.045708141169285,-9.48139670502462,-5.1564435958862305,-5.12696647644043
4.236637830734253,-10.5908161949409,-18.691403475103098,-132.39473396574803,-84.75186956134796,-10.5908161949409,-18.691403475103098,-132.39473396574803,-84.75186956134796,-11.963170070671064,-8.56568488683831,-5.082413673400879,-5.093141078948975
4.249644041061401,-10.31249281645205,-17.504881795508698,-111.69487579916223,-62.374578406309574,-10.31249281645205,-17.504881795508698,-111.69487579916223,-62.374578406309574,-10.785698386116183,-7.549655709958474,-5.024392604827881,-5.055724143981934
4.262647390365601,-10.136711067972598,-16.303707652597332,-94.98162829638365,-42.07898206122392,-10.136711067972598,-16.303707652597332,-94.98162829638365,-42.07898206122392,-9.56775970524713,-6.465886270196909,-5.003209114074707,-5.024320602416992
4.275648355484009,-10.048827023922044,-15.190427799020274,-81.48119249615233,-25.055032668196034,-10.048827023922044,-15.190427799020274,-81.48119249615233,-25.055032668196034,-8.351354825627668,-5.352091862933933,-4.993710041046143,-5.045070648193359
4.289658308029175,-10.063470949502559,-14.238278938152988,-70.04161601381062,-11.29142028773402,-10.063470949502559,-14.238278938152988,-70.04161601381062,-11.29142028773402,-7.164494292385563,-4.2454833446443345,-4.991573333740234,-5.003651142120361
4.302664518356323,-10.063470949502559,-13.57910079644964,-61.18896001923291,-2.604608543280207,-10.063470949502559,-13.57910079644964,-61.18896001923291,-2.604608543280207,-6.028442720471629,-3.185193632677074,-5.000396251678467,-4.975805759429932
4.315673112869263,-10.107409556433254,-13.11034832880625,-53.643492948768916,2.9423357845279496,-10.107409556433254,-13.11034832880625,-53.643492948768916,2.9423357845279496,-4.958022649952888,-2.2038876766710724,-4.988655090332031,-4.9420928955078125
4.328677177429199,-10.26854737933219,-12.65624832447983,-47.99367658055026,6.737883005361437,-10.26854737933219,-12.65624832447983,-47.99367658055026,6.737883005361437,-3.9626419704599263,-1.3154152965154355,-4.966427326202393,-4.716875076293945
4.343676805496216,-10.693350994761133,-11.982421134554098,-44.438901211922534,11.49295355693171,-10.693350994761133,-11.982421134554098,-44.438901211922534,11.49295355693171,-3.0530655119000234,-0.5143329509673155,-4.936364650726318,-4.161853790283203
4.356689691543579,-11.264648507508511,-11.074217710806675,-43.8598275288051,17.579236942360755,-11.264648507508511,-11.074217710806675,-43.8598275288051,17.579236942360755,-2.2424087565069377,0.21707752593838758,-4.875208854675293,-3.5498976707458496
4.369689464569092,-11.865227041227726,-9.931638053237553,-44.29708940928015,25.62175224665221,-11.865227041227726,-9.931638053237553,-44.29708940928015,25.62175224665221,-1.537013969878343,0.898381254553663,-4.62841272354126,-2.8949828147888184
4.383702754974365,-12.290030656656668,-8.452143946931923,-43.547045845953534,35.713385773650025,-12.290030656656668,-8.452143946931923,-43.547045845953534,35.713385773650025,-0.9248644556184388,1.5494841555327625,-4.12955904006958,-2.136249542236328
4.397696018218994,-12.348626849546207,-6.767573410796658,-39.55538084216053,46.524304814594586,-12.348626849546207,-6.767573410796658,-39.55538084216053,46.524304814594586,-0.3777776526146187,2.1825269003769368,-3.5090205669403076,-1.374935507774353
4.410703182220459,-12.128899663946896,-5.0097661712859285,-33.208673442736306,57.22211592288374,-12.128899663946896,-5.0097661712859285,-33.208673442736306,57.22211592288374,0.13364374241373092,2.7991334790967946,-2.895611524581909,-0.6678652763366699
4.423708438873291,-11.660150611398095,-3.017577575311634,-25.23548626606777,68.74211105251317,-11.660150611398095,-3.017577575311634,-25.23548626606777,68.74211105251317,0.6282329376653306,3.4012164592247123,-2.3049540519714355,0.020090077072381973
4.436710596084595,-10.971674373249982,-0.7617163566181588,-15.834634166062953,81.24872700775094,-10.971674373249982,-0.7617163566181588,-15.834634166062953,81.24872700775094,1.1183922997902833,3.995031688372262,-1.7294769287109375,0.698145866394043
4.449712038040161,-9.990230831032505,1.7285159732551278,-5.049049577410438,94.63035849755906,-9.990230831032505,1.7285159732551278,-5.049049577410438,94.63035849755906,1.6136940308451189,4.586127155226387,-1.1822620630264282,1.3376643657684326
4.462717771530151,-8.745107835906694,4.599616726721251,6.998998576010085,109.35894427282871,-8.745107835906694,4.599616726721251,6.998998576010085,109.35894427282871,2.1212949656821403,5.180674559010299,-0.641537070274353,1.955440878868103
4.475726127624512,-7.236319048250877,7.822274146957106,20.154298514178308,125.66594578415328,-7.236319048250877,7.822274146957106,20.154298514178308,125.66594578415328,2.645909751114057,5.786817838167853,-0.11452054977416992,2.5966320037841797
4.488794326782227,-5.405261444986351,11.352542796842819,34.45722177773088,143.36603950878282,-5.405261444986351,11.352542796842819,34.45722177773088,143.36603950878282,3.1912395531959374,6.411644579456601,0.4085163474082947,3.2013235092163086
4.501763582229614,-3.237297930721766,15.146484069447709,50.15839233986449,161.72437222410483,-3.237297930721766,15.146484069447709,50.15839233986449,161.72437222410483,3.761872164053384,7.057347714202899,0.9510128498077393,3.7314491271972656
4.51574444770813,-0.4980369037098171,19.614257654620204,68.9010905356344,182.19902539337696,-0.4980369037098171,19.614257654620204,68.9010905356344,182.19902539337696,4.369366724373814,7.7287189998880494,1.4828143119812012,4.15084981918335
4.529745817184448,2.6953224200812684,24.389652714726317,89.246441393729,202.72530113239603,2.6953224200812684,24.389652714726317,89.246441393729,202.72530113239603,5.024123833620058,8.427299274840353,2.053316116333008,4.402643203735352
4.542753458023071,5.976565787922894,28.945313759043948,109.46363741242666,221.22063378209018,5.976565787922894,28.945313759043948,109.46363741242666,221.22063378209018,5.721842973094628,9.137236447334724,2.604187250137329,4.536806583404541
4.556744813919067,9.873052105631771,34.0283268789891,131.72082652109955,239.93861693834836,9.873052105631771,34.0283268789891,131.72082652109955,239.93861693834836,6.4603354909001185,9.845517957876247,3.1744775772094727,4.654051780700684
4.569750070571899,13.9453201718201,38.8330166204454,153.18790617677453,256.5823399455654,13.9453201718201,38.8330166204454,153.18790617677453,256.5823399455654,7.234439390437192,10.540821741889044,3.714874505996704,4.7301859855651855
4.582758665084839,18.178712400529022,43.74023433153277,175.02380238725183,271.9231360667108,18.178712400529022,43.74023433153277,175.02380238725183,271.9231360667108,8.032540984103395,11.20738009810755,4.0892653465271,4.8114094734191895
4.59576416015625,22.485358408086327,48.60352026587861,195.30234716507456,285.0896917297444,22.485358408086327,48.60352026587861,195.30234716507456,285.0896917297444,8.841718165585561,11.831513902478354,4.375955581665039,4.939697742462158
4.608769655227661,26.806641511034982,53.32031230290601,213.04242481710537,295.7621355154561,26.806641511034982,53.32031230290601,213.04242481710537,295.7621355154561,9.639336432608394,12.396909842522692,4.581766605377197,5.022148132324219
4.621776342391968,31.083992837242107,57.77343854740341,228.1397520150965,302.93457180439987,31.083992837242107,57.77343854740341,228.1397520150965,302.93457180439987,10.401762500429058,12.884593401142793,4.798334121704102,5.081911087036133
4.634805202484131,34.79003982051269,61.669924865112286,237.94349136103096,304.50311108691494,34.79003982051269,61.669924865112286,237.94349136103096,304.50311108691494,11.097622109308768,13.26610454359301,4.925791263580322,5.1581292152404785
4.648805379867554,38.17383847874207,65.08301137450269,240.42260414293548,298.6023740591575,38.17383847874207,65.08301137450269,240.42260414293548,298.6023740591575,11.681385341631074,13.50146647865665,5.110224723815918,5.208956718444824
4.66378927230835,40.89844191979516,67.64649065303519,234.65497384172326,283.1419949860235,40.89844191979516,67.64649065303519,234.65497384172326,283.1419949860235,12.102704151396805,13.541073011061005,5.180123805999756,5.241298198699951
4.676799535751343,42.40723070745098,68.99414844798122,222.00047746076555,262.29792420530214,42.40723070745098,68.99414844798122,222.00047746076555,262.29792420530214,12.320994838385625,13.352072106134644,5.261435031890869,5.2273783683776855
4.689806699752808,43.081069850207754,69.68262468612934,202.5003830030275,236.7697643332993,43.081069850207754,69.68262468612934,202.5003830030275,236.7697643332993,12.308032609083678,12.927602200385643,5.291733264923096,5.243253707885742
4.703806400299072,43.00782290154855,69.85840643460878,175.61226416538346,206.86701856206506,43.00782290154855,69.85840643460878,175.61226416538346,206.86701856206506,12.03903866210892,12.267275952306566,5.275326251983643,5.226891040802002
4.716809988021851,42.50976550727121,69.77051556036906,148.74033287607233,179.3907521349912,42.50976550727121,69.77051556036906,148.74033287607233,179.3907521349912,11.522873968694043,11.401112506168312,5.219974517822266,5.15831995010376
4.72981333732605,41.83595368527112,69.6679671001705,122.74635410267464,154.62271035534076,41.83595368527112,69.6679671001705,122.74635410267464,154.62271035534076,10.802410835413433,10.384915362943895,5.152288436889648,5.108382701873779
4.7428343296051025,41.10351151943563,69.53613761900007,99.12077074473557,133.02485989781673,41.10351151943563,69.53613761900007,99.12077074473557,133.02485989781673,9.924855351608796,9.270357929388684,5.093278884887695,5.067942142486572
4.766831398010254,39.9316423031582,69.30175967763108,64.73466148154827,100.50057824010486,39.9316423031582,69.30175967763108,64.73466148154827,100.50057824010486,8.883821837169295,8.046346698500017,5.014760971069336,5.025026798248291
4.789499521255493,39.31640618348014,68.99414844798122,44.47348245969031,76.90453545032608,39.31640618348014,68.99414844798122,44.47348245969031,76.90453545032608,7.722836106543056,6.727418647592019,4.953466892242432,5.020267963409424
4.815840482711792,39.16993960691839,68.37891232830316,31.410414407866178,52.56095577664608,39.16993960691839,68.37891232830316,31.410414407866178,52.56095577664608,6.553033154817655,5.36800651851695,4.959722995758057,5.021816730499268
4.82885217666626,39.16993960691839,67.93945795710454,27.581145689326693,41.819571476546834,39.16993960691839,67.93945795710454,27.581145689326693,41.819571476546834,5.448890921985451,4.033931141760558,4.977093696594238,5.034514427185059
4.842886924743652,39.18458353249888,67.36817410473552,23.98524404415903,30.84703649946143,39.18458353249888,67.36817410473552,23.98524404415903,30.84703649946143,4.4451013560418735,2.783486172080183,4.9913763999938965,5.0168914794921875
4.855852127075195,39.18458353249888,66.78223266640762,21.065906787226986,21.35918827999816,39.18458353249888,66.78223266640762,21.065906787226986,21.35918827999816,3.53623591972937,1.6164226943863786,4.997838497161865,4.986297130584717
4.868855714797974,39.16993960691839,66.12305793979885,18.506209725947375,12.480325703348752,39.16993960691839,66.12305793979885,18.506209725947375,12.480325703348752,2.7178916371354718,0.5355000219394053,4.977831840515137,4.759203910827637
4.881863832473755,39.16993960691839,65.33204007164133,16.22571372246496,3.565588411857498,39.16993960691839,65.33204007164133,16.22571372246496,3.565588411857498,1.9841790720760022,-0.4634447812313015,4.8145856857299805,4.246151924133301
4.894866943359375,39.11133658383967,64.26270565518413,13.992609840312323,-6.351036031810724,39.11133658383967,64.26270565518413,13.992609840312323,-6.351036031810724,1.3282795021053,-1.3909670317715759,4.43228816986084,3.4518187046051025
4.907872438430786,38.84766396112049,62.91504103004893,10.553925489460017,-17.836074253268034,38.84766396112049,62.91504103004893,10.553925489460017,-17.836074253268034,0.737914737239731,-2.262844708450666,3.9149210453033447,2.5779080390930176
4.920919418334961,38.20312632990307,61.34766287969274,4.257678246963373,-30.4181074497738,38.20312632990307,61.34766287969274,4.257678246963373,-30.4181074497738,0.19031480046141913,-3.0933749779801794,3.3476176261901855,1.6550661325454712
4.936886310577393,36.826173853606846,58.989260030989875,-7.834774246911873,-47.29502336053882,36.826173853606846,58.989260030989875,-7.834774246911873,-47.29502336053882,-0.3534131203797284,-3.9061686004076503,2.604125499725342,0.4571598172187805
4.949897766113281,35.25879570325064,56.70410413094621,-20.90587033233171,-62.33003874273192,35.25879570325064,56.70410413094621,-20.90587033233171,-62.33003874273192,-0.9190383652423142,-4.709389458491828,2.0570642948150635,-0.4111212193965912
4.962889671325684,33.32521013035506,54.1259809268332,-36.07760561114095,-78.71533471251234,33.32521013035506,54.1259809268332,-36.07760561114095,-78.71533471251234,-1.5129710902158162,-5.498029178658646,1.532382845878601,-1.1861575841903687
4.975907802581787,30.98144437704353,51.137704863060925,-53.18427201011228,-96.4016451153968,30.98144437704353,51.137704863060925,-53.18427201011228,-96.4016451153968,-2.144123419746791,-6.280786505376039,0.9843144416809082,-1.9900567531585693
4.989899635314941,28.037113750391114,47.44629497518168,-73.69498174801289,-117.8627551857372,28.037113750391114,47.44629497518168,-73.69498174801289,-117.8627551857372,-2.8251940644391573,-7.074935768707699,0.3727095127105713,-2.829359292984009
5.006906747817993,23.862310884382566,42.18750693694626,-100.31103366044783,-147.28522937529283,23.862310884382566,42.18750693694626,-100.31103366044783,-147.28522937529283,-3.583864993980392,-7.9223020913029645,-0.29383498430252075,-3.5923879146575928
5.019908666610718,20.390635012291796,37.71972993667918,-121.0938717952601,-171.2862272507725,20.390635012291796,37.71972993667918,-121.0938717952601,-171.2862272507725,-4.405576111266061,-8.820802787123625,-0.8613214492797852,-4.003573417663574
5.032912254333496,16.45020325746306,33.046883336771636,-143.06758756280993,-194.96373370678202,16.45020325746306,33.046883336771636,-143.06758756280993,-194.96373370678202,-5.257575760249301,-9.7346040883259,-1.3848206996917725,-4.313393592834473
5.0459206104278564,11.85058994583639,28.344735225324733,-167.44499716344902,-216.3346716196999,11.85058994583639,28.344735225324733,-167.44499716344902,-216.3346716196999,-6.145740517497097,-10.645705003682066,-1.9588121175765991,-4.531619548797607
5.058921575546265,6.7968783374305985,23.671874965038846,-194.04075658385986,-235.20633403228337,6.7968783374305985,23.671874965038846,-194.04075658385986,-235.20633403228337,-7.079080385222837,-11.529834226859913,-2.6617093086242676,-4.628978729248047
5.071930408477783,1.3037123578261856,18.940432172241763,-222.1527496981218,-251.506307278952,1.3037123578261856,18.940432172241763,-222.1527496981218,-251.506307278952,-8.06111380015866,-12.365387089715309,-3.3682119846343994,-4.779422283172607
5.084930419921875,-4.248036154289423,14.38476771282955,-249.01858845869327,-264.8235095943194,-4.248036154289423,14.38476771282955,-249.01858845869327,-264.8235095943194,-9.080352570466761,-13.132190218092806,-3.9512174129486084,-4.89396858215332
5.097940683364868,-8.891594903035951,9.814455912742233,-267.11285240032424,-275.70867279154197,-8.891594903035951,9.814455912742233,-267.11285240032424,-275.70867279154197,-10.084717129971022,-13.813911001832812,-4.425884246826172,-4.9443793296813965
5.11094331741333,-12.65624490938525,5.346685742664327,-274.00729999004847,-284.72635298665637,-12.65624490938525,5.346685742664327,-274.00729999004847,-284.72635298665637,-10.989132372309985,-14.401584655824653,-4.749835014343262,-4.965395450592041
5.1239471435546875,-15.659171728927205,1.2597703358009085,-271.00177086843274,-289.97794883569577,-15.659171728927205,1.2597703358009085,-271.00177086843274,-289.97794883569577,-11.716926482716222,-14.882638545411284,-4.938877105712891,-5.0904154777526855
5.13795280456543,-18.046869258980266,-2.2558543885042965,-259.54205215822867,-287.8147732840394,-18.046869258980266,-2.2558543885042965,-259.54205215822867,-287.8147732840394,-12.214892968755423,-15.224281241636229,-5.086185932159424,-5.17733907699585
5.155297040939331,-20.14159948496396,-4.760740889241848,-238.38447569460368,-269.6497759033638,-20.14159948496396,-4.760740889241848,-238.38447569460368,-269.6497759033638,-12.439695460617244,-15.349259324503528,-5.128191947937012,-5.332165718078613
5.1749773025512695,-21.60644283549992,-5.566402682979874,-208.10417072642946,-229.47963022457787,-21.60644283549992,-5.566402682979874,-208.10417072642946,-229.47963022457787,-12.35303346078899,-15.133129384862162,-5.144267559051514,-5.330710411071777
5.195017576217651,-21.70897763532014,-5.346675497380563,-171.37179586069442,-183.54114390490614,-21.70897763532014,-5.346675497380563,-171.37179586069442,-183.54114390490614,-11.937136119148613,-14.51330435124259,-5.187065601348877,-5.194806098937988
5.2200095653533936,-20.683588655982817,-5.170893748901115,-122.4719717433369,-137.56524180896105,-20.683588655982817,-5.170893748901115,-122.4719717433369,-137.56524180896105,-11.166174320715832,-13.528356211405981,-5.131591320037842,-5.0696563720703125
5.247460603713989,-19.20409454967718,-5.170893748901115,-79.68117810266551,-104.81949809760069,-19.20409454967718,-5.170893748901115,-79.68117810266551,-104.81949809760069,-10.071408623525834,-12.29089935363182,-5.038244724273682,-5.023542881011963
5.291034698486328,-17.402338457952013,-5.28808271958561,-32.80792916865873,-65.06147920314422,-17.402338457952013,-5.28808271958561,-32.80792916865873,-65.06147920314422,-8.714400309051715,-10.869989522893473,-4.964683532714844,-4.981409549713135
5.322084665298462,-16.52342971555477,-6.16699146198285,-15.964879043345928,-54.007132220180395,-16.52342971555477,-6.16699146198285,-15.964879043345928,-54.007132220180395,-7.246978709735027,-9.388876901022174,-4.972506999969482,-4.961629390716553
5.3461596965789795,-15.90820042606586,-7.397456871149817,-6.74866830094771,-52.79436724624752,-15.90820042606586,-7.397456871149817,-6.74866830094771,-52.79436724624752,-5.847291664557269,-8.022058545208287,-4.97803258895874,-4.960162162780762
5.369040012359619,-15.556636929106972,-8.657222084308845,-1.7375341708370708,-53.59588994534851,-15.556636929106972,-8.657222084308845,-1.7375341708370708,-53.59588994534851,-4.561520542059423,-6.808831040305547,-4.969884872436523,-4.991401195526123
5.38303804397583,-15.468746054867239,-9.433592611791273,-0.5473768562526696,-53.98668604889996,-15.468746054867239,-9.433592611791273,-0.5473768562526696,-53.98668604889996,-3.41289745565809,-5.740002438864231,-4.97200870513916,-4.996301174163818
5.4030468463897705,-15.366204424857841,-10.517574368923558,0.27301848261829176,-54.19129119567686,-15.366204424857841,-10.517574368923558,0.27301848261829176,-54.19129119567686,-2.4048347680759727,-4.7979408977120395,-4.940678596496582,-5.006435394287109
5.41804575920105,-15.278313550618122,-11.32323957775617,0.9372713214728245,-54.245447765605896,-15.278313550618122,-11.32323957775617,0.9372713214728245,-54.245447765605896,-1.5245327640441555,-3.9679678319489153,-4.765278339385986,-5.0030903816223145
5.444051265716553,-14.824215253838986,-12.583006498462492,4.026138249194526,-53.23082999458967,-14.824215253838986,-12.583006498462492,4.026138249194526,-53.23082999458967,-0.74898029316755,-3.233325440322646,-3.944141387939453,-4.974231243133545
5.45909857749939,-14.238273815511107,-13.11034832880625,8.297884978300832,-51.11820125788595,-14.238273815511107,-13.11034832880625,8.297884978300832,-51.11820125788595,-0.05245730311909727,-2.5752806581523853,-3.3812241554260254,-4.90925407409668
5.472063779830933,-13.564441502943495,-13.374020951525424,13.311064536624478,-47.882901157496406,-13.564441502943495,-13.374020951525424,13.311064536624478,-47.882901157496406,0.5806281967991213,-1.977173850727549,-2.910707473754883,-4.734993934631348
5.485069751739502,-12.75877970920547,-13.432615436867668,19.183708142551986,-43.01020663756887,-12.75877970920547,-13.432615436867668,19.183708142551986,-43.01020663756887,1.162669765147617,-1.4222386285363093,-2.4070558547973633,-4.447133541107178
5.498069524765015,-11.748041485637813,-13.315428173730467,25.948853421098704,-36.81345262627769,-11.748041485637813,-13.315428173730467,25.948853421098704,-36.81345262627769,1.7051530431341582,-0.8951044163052776,-1.845682978630066,-3.977987766265869
5.511075735092163,-10.53222000205136,-13.11034832880625,33.8294829967771,-30.326319952612586,-10.53222000205136,-13.11034832880625,33.8294829967771,-30.326319952612586,2.2190664790955537,-0.38803841714022297,-1.204727292060852,-3.420182228088379
5.524085760116577,-9.008780458625864,-12.670897372702214,43.36578287066515,-22.94841620550922,-9.008780458625864,-12.670897372702214,43.36578287066515,-22.94841620550922,2.716926750514951,0.10388045390795049,-0.49099716544151306,-2.795457124710083
5.537088871002197,-7.221675122670376,-11.982421134554098,54.65314858735312,-14.004826487416537,-7.221675122670376,-11.982421134554098,54.65314858735312,-14.004826487416537,3.212105293443062,0.5901905389973872,0.19422970712184906,-2.2143194675445557
5.551117897033691,-4.921868466857035,-10.913083303002317,68.59561715519474,-2.4485869589564286,-4.921868466857035,-10.913083303002317,68.59561715519474,-2.4485869589564286,3.7202832531170387,1.0861257685191985,0.8241360783576965,-1.6297818422317505
5.564118385314941,-2.446280062564256,-9.580074556278657,83.11399702856808,9.816508384587822,-2.446280062564256,-9.580074556278657,83.11399702856808,9.816508384587822,4.250132715209657,1.601173451138824,1.4175740480422974,-1.1119457483291626
5.5801098346710205,1.1425813651164134,-7.661131201416282,103.42973901661068,26.336505930084655,1.1425813651164134,-7.661131201416282,103.42973901661068,26.336505930084655,4.821856105328659,2.150094384061976,2.067749261856079,-0.4773254096508026
5.594107389450073,4.599613311626669,-5.62499546077483,122.57154224105734,41.763779076311586,4.599613311626669,-5.62499546077483,122.57154224105734,41.763779076311586,5.44529439646768,2.737897924218236,2.569997549057007,0.026771990582346916
5.608112573623657,8.26172851815572,-3.295897538705894,141.23743837470502,58.087179871833364,8.26172851815572,-3.295897538705894,141.23743837470502,58.087179871833364,6.102570378471337,3.3548026901622587,3.1295278072357178,0.5646010637283325
5.621108770370483,12.01172776873534,-0.8349564750882053,158.708433894194,73.82978919166143,12.01172776873534,-0.8349564750882053,158.708433894194,73.82978919166143,6.7777798061020205,3.9943240367773813,3.6101601123809814,1.0391989946365356
5.634125232696533,16.010748886264437,1.7871121661446665,176.77304115444878,89.86218977759482,16.010748886264437,1.7871121661446665,176.77304115444878,89.86218977759482,7.461787494127528,4.648360876642775,4.027385234832764,1.549282431602478
